﻿<?xml version="1.0" encoding="UTF-8"?>
<MP NameSoftware="OfficeCI" VersionSoftware="0.1" Version="06" GUID="E87E3213-5F45-4CD0-8BB2-B322CE9CC526" xmlns:xsi="http://www.w3.org/2001/XMLSchema-instance">
<Package>
<FormParcels Method="3">
<NewParcel Definition="47:26:0000000:280:ЗУ2">
<CadastralBlock>47:26:0000000</CadastralBlock>
<ProvidingPassCadastralNumbers>
<Other>Земли (земельные участки) общего пользования</Other>
</ProvidingPassCadastralNumbers>
<Area>
<Area>5629</Area>
<Unit>055</Unit>
<Inaccuracy>75</Inaccuracy>
</Area>
<Address AddressOrLocation="0">
<OKATO>41248000000</OKATO>
<KLADR>4701800000000</KLADR>
<Region>47</Region>
<District Name="Тосненский" Type="р-н"></District>
<Other>Любанское лесничество, участковые лесничества: Андриановское кв. 1-59, Апраксинское кв. 2-9, 11-151, Броницкое кв. 1-104, Добросельское кв. 1-24, 26-44, 47-86, Дубовицкое кв. 1-177, Каменское кв. 1-142, Красноборское кв. 1-96, Любанское кв. 1-131, Осничевское кв. 1-7, 101, 102, 104-110, 201-211, 301-314, 401-422, 501-527, 601-635, Саблинское кв. 1-30, 31 (часть), 32 (часть), 33-75, 76 (часть), 77-114, Тосненское кв. 1-79, 80 (часть), 81-115, Трубниковское кв. 1-99, 103-105, 107-155, Ульяновское кв. 1-131, Ушакинское кв. 1-121, Шапкинское кв. 1-151</Other>
</Address>
<Category Category="003005000000"></Category>
<Utilization Utilization="145003000000"></Utilization>
<EntitySpatial EntSys="l2A526003-838A-45D6-8B75-BEA4A9036B57l">
<SpatialElement>
<SpelementUnit TypeUnit="Точка">
<Ordinate X="6544330.69" Y="3273034.77" NumGeopoint="1" DeltaGeopoint="0.5"></Ordinate>
</SpelementUnit>
<SpelementUnit TypeUnit="Точка">
<Ordinate X="6544192.3" Y="3273028.98" NumGeopoint="9" DeltaGeopoint="0.5"></Ordinate>
</SpelementUnit>
<SpelementUnit TypeUnit="Точка">
<Ordinate X="6544185.19" Y="3273034.2" NumGeopoint="8" DeltaGeopoint="0.5" PointPref="н"></Ordinate>
</SpelementUnit>
<SpelementUnit TypeUnit="Точка">
<Ordinate X="6544175.37" Y="3273041.93" NumGeopoint="7" DeltaGeopoint="0.5" PointPref="н"></Ordinate>
</SpelementUnit>
<SpelementUnit TypeUnit="Точка">
<Ordinate X="6544174.89" Y="3273046.14" NumGeopoint="6" DeltaGeopoint="0.5" PointPref="н"></Ordinate>
</SpelementUnit>
<SpelementUnit TypeUnit="Точка">
<Ordinate X="6544160.01" Y="3273057.87" NumGeopoint="5" DeltaGeopoint="0.5" PointPref="н"></Ordinate>
</SpelementUnit>
<SpelementUnit TypeUnit="Точка">
<Ordinate X="6544146.32" Y="3273069.07" NumGeopoint="4" DeltaGeopoint="0.5"></Ordinate>
</SpelementUnit>
<SpelementUnit TypeUnit="Точка">
<Ordinate X="6544284.08" Y="3273073.16" NumGeopoint="3" DeltaGeopoint="0.5"></Ordinate>
</SpelementUnit>
<SpelementUnit TypeUnit="Точка">
<Ordinate X="6544306.38" Y="3273054.39" NumGeopoint="2" DeltaGeopoint="0.5" PointPref="н"></Ordinate>
</SpelementUnit>
<SpelementUnit TypeUnit="Точка">
<Ordinate X="6544330.69" Y="3273034.77" NumGeopoint="1" DeltaGeopoint="0.5"></Ordinate>
</SpelementUnit>
</SpatialElement>
<Borders>
<Border Spatial="1" Point1="1" Point2="2">
<Edge>
<Length>138.51</Length>
</Edge>
</Border>
<Border Spatial="1" Point1="2" Point2="3">
<Edge>
<Length>8.82</Length>
</Edge>
</Border>
<Border Spatial="1" Point1="3" Point2="4">
<Edge>
<Length>12.5</Length>
</Edge>
</Border>
<Border Spatial="1" Point1="4" Point2="5">
<Edge>
<Length>4.24</Length>
</Edge>
</Border>
<Border Spatial="1" Point1="5" Point2="6">
<Edge>
<Length>18.95</Length>
</Edge>
</Border>
<Border Spatial="1" Point1="6" Point2="7">
<Edge>
<Length>17.69</Length>
</Edge>
</Border>
<Border Spatial="1" Point1="7" Point2="8">
<Edge>
<Length>137.82</Length>
</Edge>
</Border>
<Border Spatial="1" Point1="8" Point2="9">
<Edge>
<Length>29.15</Length>
</Edge>
</Border>
<Border Spatial="1" Point1="9" Point2="10">
<Edge>
<Length>31.24</Length>
</Edge>
</Border>
<Border Spatial="1" Point1="10" Point2="1">
<Edge>
<Length>138.51</Length>
</Edge>
</Border>
</Borders>
</EntitySpatial>
</NewParcel>
<NewParcel Definition="47:26:0000000:280:ЗУ1">
<CadastralBlock>47:26:0000000</CadastralBlock>
<ProvidingPassCadastralNumbers>
<Other>Земли (земельные участки) общего пользования</Other>
</ProvidingPassCadastralNumbers>
<Area>
<Area>5629</Area>
<Unit>055</Unit>
<Inaccuracy>75</Inaccuracy>
</Area>
<Address AddressOrLocation="0">
<OKATO>41248000000</OKATO>
<KLADR>4701800000000</KLADR>
<Region>47</Region>
<District Name="Тосненский" Type="р-н"></District>
<Other>Любанское лесничество, участковые лесничества: Андриановское кв. 1-59, Апраксинское кв. 2-9, 11-151, Броницкое кв. 1-104, Добросельское кв. 1-24, 26-44, 47-86, Дубовицкое кв. 1-177, Каменское кв. 1-142, Красноборское кв. 1-96, Любанское кв. 1-131, Осничевское кв. 1-7, 101, 102, 104-110, 201-211, 301-314, 401-422, 501-527, 601-635, Саблинское кв. 1-30, 31 (часть), 32 (часть), 33-75, 76 (часть), 77-114, Тосненское кв. 1-79, 80 (часть), 81-115, Трубниковское кв. 1-99, 103-105, 107-155, Ульяновское кв. 1-131, Ушакинское кв. 1-121, Шапкинское кв. 1-151</Other>
</Address>
<Category Category="003005000000"></Category>
<Utilization Utilization="145003000000"></Utilization>
<EntitySpatial EntSys="l2A526003-838A-45D6-8B75-BEA4A9036B57l">
<SpatialElement>
<SpelementUnit TypeUnit="Точка">
<Ordinate X="6541127.33" Y="3274115.56" NumGeopoint="10" DeltaGeopoint="0.5"></Ordinate>
</SpelementUnit>
<SpelementUnit TypeUnit="Точка">
<Ordinate X="6541086.66" Y="3274116.21" NumGeopoint="13" DeltaGeopoint="0.5"></Ordinate>
</SpelementUnit>
<SpelementUnit TypeUnit="Точка">
<Ordinate X="6541084.55" Y="3274202.24" NumGeopoint="12" DeltaGeopoint="0.5"></Ordinate>
</SpelementUnit>
<SpelementUnit TypeUnit="Точка">
<Ordinate X="6541125.21" Y="3274201.6" NumGeopoint="11" DeltaGeopoint="0.5"></Ordinate>
</SpelementUnit>
<SpelementUnit TypeUnit="Точка">
<Ordinate X="6541127.33" Y="3274115.56" NumGeopoint="10" DeltaGeopoint="0.5"></Ordinate>
</SpelementUnit>
</SpatialElement>
<Borders>
<Border Spatial="1" Point1="1" Point2="2">
<Edge>
<Length>40.68</Length>
</Edge>
</Border>
<Border Spatial="1" Point1="2" Point2="3">
<Edge>
<Length>86.06</Length>
</Edge>
</Border>
<Border Spatial="1" Point1="3" Point2="4">
<Edge>
<Length>40.67</Length>
</Edge>
</Border>
<Border Spatial="1" Point1="4" Point2="5">
<Edge>
<Length>86.07</Length>
</Edge>
</Border>
<Border Spatial="1" Point1="5" Point2="1">
<Edge>
<Length>40.68</Length>
</Edge>
</Border>
</Borders>
</EntitySpatial>
</NewParcel>
</FormParcels>
</Package>
<GeneralCadastralWorks DateCadastral="2018-04-20">
<Contractor>
<FamilyName>Поляков</FamilyName>
<FirstName>Павел</FirstName>
<Patronymic>Владимирович</Patronymic>
<NCertificate>53-15-243</NCertificate>
<Telephone>8-960-113-31-19</Telephone>
<Address>306710, Курская обл., Касторенский район, с. Семеновка, ул. Молодежная д. 19, кв.1</Address>
<Email>polaykovpavel@yandex.ru</Email>
<Organization>
<Name>ООО НПП "Компьютерные технологии"</Name>
<AddressOrganization>Россия, 394000, г. Воронеж, ул. Ф. Энгельса, 5</AddressOrganization>
</Organization>
</Contractor>
<Reason>образованием 2 (двух) земельных участков путем раздела земельного участка с кадастровым номером 47:26:0000000:280. расположенного по адресу: Ленинградская область. Тосненский район. Любанское лесничество. участковые лесничества: Андриановское кв. 1-59. Апраксинское кв. 2-9. 11-151. Броницкое кв. 1-104. Добросельское кв. 1-24. 26-44. 47-86. Дубовицкое кв. 1-177. Каменское кв. 1-142. Красноборское кв. 1-96. Любанское кв. 1-131. Осничевское кв. 1-7. 101. 102. 104-110. 201-211. 301-314. 401-422. 501-527. 601-635. Саблинское кв. 1-30. 31 (часть). 32 (часть). 33-75. 76 (часть). 77-114. Тосненское кв. 1-79. 80 (часть). 81-115. Трубниковское кв. 1-99. 103-105. 107-155. Ульяновское кв. 1-131. Ушакинское кв. 1-121. Шапкинское кв. 1-151. с сохранением исходного земельного участка в измененных границах</Reason>
<Clients>
<Client>
<Organization>
<Name>Общество с ограниченной ответственностью Строительно-производственная компания «Зеленый город»</Name>
<INN>7811136816</INN>
<OGRN>1037825036567</OGRN>
</Organization>
</Client>
</Clients>
</GeneralCadastralWorks>
<CoordSystems>
<CoordSystem Name="МСК 63" CsId="l2A526003-838A-45D6-8B75-BEA4A9036B57l"></CoordSystem>
</CoordSystems>
<InputData>
<Documents>
<Document>
<CodeDocument>558217000000</CodeDocument>
<Number>47/201/17-701432</Number>
<Date>2017-06-29</Date>
</Document>
<Document>
<CodeDocument>558214010000</CodeDocument>
<Number>99/2017/21787928</Number>
<Date>0017-06-29</Date>
</Document>
<Document>
<CodeDocument>558254040000</CodeDocument>
<Number>б/н</Number>
<Date>2014-05-13</Date>
<AppliedFile Kind="01" Name="App\Документация по планировке территории.pdf"></AppliedFile>
</Document>
<Document>
<CodeDocument>558299000000</CodeDocument>
<Name>Распоряжение</Name>
<Number>907-р</Number>
<Date>2014-05-13</Date>
<IssueOrgan>Федеральное дорожное агенство</IssueOrgan>
<AppliedFile Kind="01" Name="App\распоряжение ФДА 907-р от 13 05 2014.pdf"></AppliedFile>
</Document>
<Document>
<CodeDocument>558299000000</CodeDocument>
<Name>Исходные данные</Name>
<Number>565-р </Number>
<Date>2018-04-12</Date>
<AppliedFile Kind="01" Name="App\распоряжения 565.pdf"></AppliedFile>
</Document>
<Document>
<CodeDocument>558299000000</CodeDocument>
<Name>Проектная документация лесного участка</Name>
<Number>17</Number>
<Date>2018-02-21</Date>
<AppliedFile Kind="01" Name="App\Проектная документация  лесного участка 17.pdf"></AppliedFile>
</Document>
<Document>
<CodeDocument>558299000000</CodeDocument>
<Name>Исхордные данные</Name>
<Number>566</Number>
<Date>2018-04-12</Date>
<AppliedFile Kind="01" Name="App\распоряжения 566.pdf"></AppliedFile>
</Document>
<Document>
<CodeDocument>558299000000</CodeDocument>
<Name>Проектная документация лесного участка</Name>
<Number>16</Number>
<Date>2018-02-21</Date>
<AppliedFile Kind="01" Name="App\Проектная документация  лесного участка 16.pdf"></AppliedFile>
</Document>
</Documents>
<GeodesicBases>
<GeodesicBase>
<PName>Мазиловка</PName>
<PKind>пирамида</PKind>
<PKlass>2 класс</PKlass>
<OrdX>6552251.97</OrdX>
<OrdY>3271196.93</OrdY>
</GeodesicBase>
<GeodesicBase>
<PName>Примерное</PName>
<PKind>пирамида</PKind>
<PKlass>2 класс</PKlass>
<OrdX>6574097.91</OrdX>
<OrdY>3246770.04</OrdY>
</GeodesicBase>
<GeodesicBase>
<PName>Скатное</PName>
<PKind>пирамида</PKind>
<PKlass>2 класс</PKlass>
<OrdX>6556425.43</OrdX>
<OrdY>3267895.45</OrdY>
</GeodesicBase>
</GeodesicBases>
<MeansSurvey>
<MeanSurvey>
<Name>GNSS – приемники спутниковые геодезические двухчастотные Trimble R8</Name>
<Registration>
<Number>№ 33967-07</Number>
<Duration>10.12.2019г</Duration>
</Registration>
<CertificateVerification>№ 017959</CertificateVerification>
</MeanSurvey>
<MeanSurvey>
<Name>GNSS – приемники спутниковые геодезические двухчастотные Trimble R7</Name>
<Registration>
<Number>№37145-08</Number>
<Duration>10.12.2019г</Duration>
</Registration>
<CertificateVerification>№017963</CertificateVerification>
</MeanSurvey>
</MeansSurvey>
</InputData>
<Survey>
<GeopointsOpred>
<GeopointOpred>
<CadastralNumberDefinition>47:26:0000000:280:ЗУ1</CadastralNumberDefinition>
<Methods>
<GeopointOpred>692005000000</GeopointOpred>
<GeopointOpredDescription>47:26:0000000:280:ЗУ1</GeopointOpredDescription>
</Methods>
</GeopointOpred>
<GeopointOpred>
<CadastralNumberDefinition>47:26:0000000:280:ЗУ2</CadastralNumberDefinition>
<Methods>
<GeopointOpred>692005000000</GeopointOpred>
</Methods>
</GeopointOpred>
</GeopointsOpred>
<TochnGeopointsParcels>
<TochnGeopointsParcel>
<CadastralNumberDefinition>47:26:0000000:280:ЗУ1</CadastralNumberDefinition>
<Formula>Mt = √(m₀² + m₁²)=0.5</Formula>
</TochnGeopointsParcel>
<TochnGeopointsParcel>
<CadastralNumberDefinition>47:26:0000000:280:ЗУ2</CadastralNumberDefinition>
<Formula>Mt = √(m₀² + m₁²)=0.5</Formula>
</TochnGeopointsParcel>
</TochnGeopointsParcels>
<TochnAreaParcels>
<TochnAreaParcel>
<CadastralNumberDefinition>47:26:0000000:280:ЗУ1</CadastralNumberDefinition>
<Formula>∆Р=2mt√p = 2 *0.5 * √5629.26 = 75</Formula>
<Area>
<Area>5629</Area>
<Unit>055</Unit>
</Area>
</TochnAreaParcel>
<TochnAreaParcel>
<CadastralNumberDefinition>47:26:0000000:280:ЗУ2</CadastralNumberDefinition>
<Formula>∆Р=2mt√p = 2 * 0.5 * √3497.25 = 59</Formula>
<Area>
<Area>3497</Area>
<Unit>055</Unit>
</Area>
</TochnAreaParcel>
</TochnAreaParcels>
</Survey>
<Conclusion>1. Настоящий межевой план подготовлен в соответствии с документацией по планировке территории объекта «Строительство скоростной автомобильной дороги Москва-Санкт-Петербург на участке км 58 – км 684 (с последующей эксплуатацией на платной основе)». 7 этап км 543 – км 646». утвержденной Распоряжением Федерального дорожного агентства (РОСАВТОДОР) № 907-р от 13.05.2014г. Следовательно были соблюдены все этапы согласования образуемых земельных участков со смежниками.
2. Межевой план подготовлен  всоответствии с проектными документациями лесного участка, утвержденных распоряжениями Комитета по природным ресурсам Ленинградской области № 566 и 565 от 12.04.2018г.   
3. Сформированные земельные участки, представленные в данном межевом плане, имеют порядковые номера 6, 14 в проекте межевания и подлежит изъятию для нужд Российской Федерации в соответствии с Распоряжением Федерального дорожного агенста  №907-р от 13.05.2014  "Об изъятии для нужд Российской Федерации земельных участков в целях обеспечения реализации проекта «Строительство скоростной автомобильной дороги Москва-Санкт-Петербург на участке км 58 – км 684 (с последующей эксплуатацией на платной основе)». 7 этап км 543 – км 646. 
4. В соответствии с п.5 ст.36, п.8 ст.37 Федеральный закон от 17.07.2009 N 145-ФЗ Государственная компания вправе обращаться с заявлениями о проведении государственного кадастрового учета земельных участков, предназначенных для размещения автомобильных дорог, деятельность по организации строительства или реконструкции которых осуществляет Государственная компания.
5.Согласно пункту 32 Приказа № 921 от 08.12.2015 г. «Об утверждении формы и состава сведений межевого плана. требований к его подготовке» в реквизите «Сведения о геодезической основе. использованной при подготовке межевого плана» раздела «Исходные данные» указываются дата выполненного при проведении кадастровых работ обследования состояния наружного знака пункта и слова «сохранился». «не обнаружен» или «утрачен» в зависимости от состояния такого пункта. Т. к. в xml-схеме 6 версии нет возможности прописать данную информацию в соответствующем реквизите. электронный образ раздела «Исходные данные» в формате pdf приведен в приложении.
В связи с тем. что геодезические работы проводились в 2014г.. то сведения о сохранности геодезической основы приводятся на данный период времени.
6.Межевой план подготовлен Кадастровым инженером Поляковым Павлом Владимировичем, являющейся членом Ассоциации Саморегулируемой организации «Объединение профессионалов кадастровой деятельности» (сокращенное наименование – Ассоциация СРО «ОПКД») (уникальный реестровый номер кадастрового инженера в реестре членов Ассоциации СРО «ОПКД» № 1944). Сведения о СРО КИ: Ассоциация Саморегулируемой организации «Объединение профессионалов кадастровой деятельности» (сокращенное наименование – Ассоциация СРО «ОПКД») содержатся в государственном реестре СРО КИ (уникальный номер реестровой записи от 08.07.2016 г. № 003).
7. № регистрации в государственном реестре лиц, осуществляющих кадастровую деятельность: 34626.
8. Страховой номер индивидуального лицевого счета в системе обязательного пенсионного страхования Российской Федерации (СНИЛС): 133-227-044 15. 
9. Заказчиком работ является ООО Строительно-производственная компания «Зеленый город». Договор субподряда № КТ/09-13 от 27.09.2013г.</Conclusion>
<SchemeGeodesicPlotting Kind="01" Name="App\схема геод.pdf"></SchemeGeodesicPlotting>
<SchemeDisposition Kind="01" Name="App\схема расп.pdf"></SchemeDisposition>
<DiagramParcelsSubParcels Kind="01" Name="App\Чертежи.pdf"></DiagramParcelsSubParcels>
<Appendix>
<AppliedFiles>
<NumberAppendix>1</NumberAppendix>
<NameAppendix>Каталог координат ОМС</NameAppendix>
<AppliedFile Kind="01" Name="App\Выписка росреестр ЛО.pdf"></AppliedFile>
</AppliedFiles>
<AppliedFiles>
<NumberAppendix>2</NumberAppendix>
<NameAppendix>исходные данные</NameAppendix>
<AppliedFile Kind="01" Name="App\исходные данные.pdf"></AppliedFile>
</AppliedFiles>
</Appendix>
</MP>
