﻿<?xml version="1.0" encoding="utf-8"?>
<MP Version="06" NameSoftware="ТехноКад-Экспресс" VersionSoftware="2.19.30404.0" GUID="aead5c43-39b1-4474-ba34-c6529b01876f">
  <Package>
    <FormParcels Method="3">
      <NewParcel Definition=":ЗУ1">
        <CadastralBlock>36:11:4400008</CadastralBlock>
        <ProvidingPassCadastralNumbers>
          <CadastralNumber>44:32:2334344:2</CadastralNumber>
          <Definition>12</Definition>
          <Other>23 </Other>
        </ProvidingPassCadastralNumbers>
        <ObjectRealty>
          <InnerCadastralNumbers>
            <CadastralNumber>12:32:3131231:11</CadastralNumber>
          </InnerCadastralNumbers>
        </ObjectRealty>
        <Area>
          <Area>15</Area>
          <Unit>055</Unit>
          <Inaccuracy>2</Inaccuracy>
        </Area>
        <Address AddressOrLocation="1">
          <OKATO>20217000000</OKATO>
          <KLADR>3601200000000</KLADR>
          <OKTMO>20617000</OKTMO>
          <Region>36</Region>
          <District Name="Каменский" Type="р-н" />
        </Address>
        <Category Category="003002000000" />
        <NaturalObject>
          <Kind>233001000000</Kind>
          <ForestUse>234001000000</ForestUse>
          <ProtectiveForest>123123</ProtectiveForest>
        </NaturalObject>
        <Utilization ByDoc="Размещение ШРП" />
        <SubParcels>
          <NewSubParcel Definition=":ЗУ1/чзу1">
            <Area>
              <Area>11111111</Area>
              <Unit>055</Unit>
            </Area>
            <Encumbrance>
              <Type>022002000000</Type>
            </Encumbrance>
            <EntitySpatial EntSys="Id695714cb-f9b0-4df8-b3cd-ca3b5f8d10b4">
              <SpatialElement>
                <SpelementUnit TypeUnit="Точка">
                  <Ordinate NumGeopoint="1" X="232.00" Y="32.00" DeltaGeopoint="332323" />
                </SpelementUnit>
                <SpelementUnit TypeUnit="Точка">
                  <Ordinate NumGeopoint="2" X="34.00" Y="1.00" DeltaGeopoint="1" />
                </SpelementUnit>
                <SpelementUnit TypeUnit="Точка">
                  <Ordinate NumGeopoint="3" X="123.00" Y="123.00" DeltaGeopoint="34234234" />
                </SpelementUnit>
              </SpatialElement>
            </EntitySpatial>
          </NewSubParcel>
        </SubParcels>
        <EntitySpatial EntSys="Id695714cb-f9b0-4df8-b3cd-ca3b5f8d10b4">
          <SpatialElement>
            <SpelementUnit TypeUnit="Точка">
              <Ordinate NumGeopoint="1" X="401754.15" Y="1324808.29" DeltaGeopoint="0.2" />
            </SpelementUnit>
            <SpelementUnit TypeUnit="Точка">
              <Ordinate NumGeopoint="4" X="401749.73" Y="1324809.85" DeltaGeopoint="0.2" />
            </SpelementUnit>
            <SpelementUnit TypeUnit="Точка">
              <Ordinate NumGeopoint="2" PointPref="н" X="401750.64" Y="1324812.89" DeltaGeopoint="0.2" />
            </SpelementUnit>
            <SpelementUnit TypeUnit="Точка">
              <Ordinate NumGeopoint="1" PointPref="н" X="401755.10" Y="1324811.44" DeltaGeopoint="0.2" />
            </SpelementUnit>
            <SpelementUnit TypeUnit="Точка">
              <Ordinate NumGeopoint="1" X="401754.15" Y="1324808.29" DeltaGeopoint="0.2" />
            </SpelementUnit>
          </SpatialElement>
          <Borders>
            <Border Point1="1" Point2="2" Spatial="1">
              <Edge>
                <Length>4.69</Length>
              </Edge>
            </Border>
            <Border Point1="2" Point2="3" Spatial="1">
              <Edge>
                <Length>3.17</Length>
              </Edge>
            </Border>
            <Border Point1="3" Point2="4" Spatial="1">
              <Edge>
                <Length>4.69</Length>
              </Edge>
            </Border>
            <Border Point1="4" Point2="5" Spatial="1">
              <Edge>
                <Length>3.29</Length>
              </Edge>
            </Border>
            <Border Point1="5" Point2="1" Spatial="1">
              <Edge>
                <Length>4.69</Length>
              </Edge>
            </Border>
          </Borders>
        </EntitySpatial>
        <RelatedParcels>
          <ParcelNeighbours>
            <Definition>123</Definition>
            <ParcelNeighbour>
              <CadastralNumber>11:23:3123433:24</CadastralNumber>
              <OwnerNeighbours>
                <NameRight>123</NameRight>
                <OwnerNeighbour>
                  <NameOwner>петров иван сидрорвм</NameOwner>
                  <ContactAddress>фридриха энгельса 5</ContactAddress>
                  <Documents>
                    <Document>
                      <CodeDocument>558401000000</CodeDocument>
                      <Name>-</Name>
                      <Number>11</Number>
                      <Date>2018-03-27</Date>
                    </Document>
                  </Documents>
                </OwnerNeighbour>
              </OwnerNeighbours>
            </ParcelNeighbour>
          </ParcelNeighbours>
        </RelatedParcels>
      </NewParcel>
      <ChangeParcel CadastralNumber="00:00:000000:0">
        <CadastralBlock>36:11:4400008</CadastralBlock>
        <ProvidingPassCadastralNumbers>
          <Other>Земли общего пользования</Other>
        </ProvidingPassCadastralNumbers>
      </ChangeParcel>
      <SpecifyRelatedParcel CadastralNumber="12:12:3123123:123">
        <AllBorder>
          <EntitySpatial EntSys="Id695714cb-f9b0-4df8-b3cd-ca3b5f8d10b4">
            <SpatialElement>
              <SpelementUnit TypeUnit="Точка">
                <NewOrdinate NumGeopoint="1" X="23.00" Y="23.00" DeltaGeopoint="0.1" />
              </SpelementUnit>
              <SpelementUnit TypeUnit="Точка">
                <NewOrdinate NumGeopoint="2" X="12.00" Y="12.00" DeltaGeopoint="0.1" />
              </SpelementUnit>
            </SpatialElement>
            <Borders>
              <Border Point1="1" Point2="2" Spatial="1">
                <Edge>
                  <Length>12</Length>
                </Edge>
              </Border>
            </Borders>
          </EntitySpatial>
        </AllBorder>
      </SpecifyRelatedParcel>
    </FormParcels>
  </Package>
  <GeneralCadastralWorks DateCadastral="2017-08-17">
    <Contractor>
      <FamilyName>Котлярова</FamilyName>
      <FirstName>Анна</FirstName>
      <Patronymic>Юрьевна</Patronymic>
      <NCertificate>36-13-509</NCertificate>
      <Telephone>89066704868</Telephone>
      <Address>г. Воронеж, пр-т Революции, д.1В</Address>
      <Email>kotl-anna@yandex.ru</Email>
      <Organization>
        <Name>ООО "Землемер"</Name>
        <AddressOrganization>Воронеж Фриджрха энгельса</AddressOrganization>
      </Organization>
    </Contractor>
    <Reason>образованием земельного участка путем раздела с сохранением в изменённых границах земельного участка с кадастровым номером 36:11:3300001:37, расположенного по адресу: Воронежская область, р-н Каменский, х Молчаново, ул Прохладная, ШРП №1</Reason>
    <Clients>
      <Client>
        <Governance>
          <Name>Департамент имущественных и земельных отношений Воронежской области</Name>
          <INN>3666057069</INN>
          <OGRN>1023601570904</OGRN>
        </Governance>
      </Client>
    </Clients>
  </GeneralCadastralWorks>
  <CoordSystems>
    <CoordSystem CsId="Id695714cb-f9b0-4df8-b3cd-ca3b5f8d10b4" Name="СК кадастрового округа" />
  </CoordSystems>
  <InputData>
    <Documents>
      <Document>
        <CodeDocument>558217000000</CodeDocument>
        <Number>36/исх/17-449216</Number>
        <Date>2017-06-21</Date>
      </Document>
      <Document>
        <CodeDocument>558214010000</CodeDocument>
        <Number>36/исх/17-590486</Number>
        <Date>2017-08-14</Date>
      </Document>
      <Document>
        <CodeDocument>008002008000</CodeDocument>
        <Number>165</Number>
        <Date>2017-06-02</Date>
      </Document>
      <Document>
        <CodeDocument>008002008000</CodeDocument>
        <Number>158</Number>
        <Date>2017-06-02</Date>
      </Document>
    </Documents>
    <GeodesicBases>
      <GeodesicBase>
        <PName>Марки</PName>
        <PKind>пир.</PKind>
        <PKlass>3 класс</PKlass>
        <OrdX>418081.05</OrdX>
        <OrdY>1330793.93</OrdY>
      </GeodesicBase>
      <GeodesicBase>
        <PName>Пушкино</PName>
        <PKind>пир.</PKind>
        <PKlass>3 класс</PKlass>
        <OrdX>404698.2</OrdX>
        <OrdY>1307254.3</OrdY>
      </GeodesicBase>
      <GeodesicBase>
        <PName>Михайловка</PName>
        <PKind>пир.</PKind>
        <PKlass>2 класс</PKlass>
        <OrdX>387798.79</OrdX>
        <OrdY>2159578.49</OrdY>
      </GeodesicBase>
    </GeodesicBases>
    <MeansSurvey>
      <MeanSurvey>
        <Name>GNSS - приемник спутниковый геодезический двухчастотный Trimble R8 GNSS</Name>
        <Registration>
          <Number>№ 012343</Number>
          <Duration>17 января 2018 г</Duration>
        </Registration>
        <CertificateVerification>33967-07</CertificateVerification>
      </MeanSurvey>
      <MeanSurvey>
        <Name>Аппаратура геодезическая потребителей спутниковых навигационных систем ГЛОНАСС и GPS Trimble R7GNSS</Name>
        <Registration>
          <Number>№ 012342</Number>
          <Duration>17 января 2018 г</Duration>
        </Registration>
        <CertificateVerification>37145-08</CertificateVerification>
      </MeanSurvey>
    </MeansSurvey>
  </InputData>
  <Survey>
    <GeopointsOpred>
      <GeopointOpred>
        <CadastralNumberDefinition>:ЗУ1</CadastralNumberDefinition>
        <Methods>
          <GeopointOpred>692005000000</GeopointOpred>
        </Methods>
      </GeopointOpred>
    </GeopointsOpred>
    <TochnGeopointsParcels>
      <TochnGeopointsParcel>
        <CadastralNumberDefinition>:ЗУ1</CadastralNumberDefinition>
        <Formula>ПО Trimble Business Center </Formula>
      </TochnGeopointsParcel>
    </TochnGeopointsParcels>
    <TochnAreaParcels>
      <TochnAreaParcel>
        <CadastralNumberDefinition>:ЗУ1</CadastralNumberDefinition>
        <Formula>∆Р=2mt√p </Formula>
        <Area>
          <Area>15</Area>
          <Unit>055</Unit>
        </Area>
      </TochnAreaParcel>
    </TochnAreaParcels>
  </Survey>
  <Conclusion>1. Межевой план подготовлен Кадастровым инженером Котляровой Анной Юрьевной, являющейся членом Ассоциации Саморегулируемой организации «Кадастровые инженеры» (сокращенное наименование – А СРО «Кадастровые инженеры») (уникальный реестровый номер кадастрового инженера в реестре членов А СРО «Кадастровые инженеры» № 2763). Сведения о СРО КИ: Ассоциация Саморегулируемой организации «Кадастровые Инженеры» (сокращенное наименование – А СРО «Кадастровые инженеры») содержатся в государственном реестре СРО КИ (уникальный номер реестровой записи от 29.02.2012 г. № 002). № регистрации в государственном реестре лиц, осуществляющих кадастровую деятельность: 25134. Страховой номер индивидуального лицевого счета в системе обязательного пенсионного страхования Российской Федерации (СНИЛС): 150-018-854-23. Заказчиком работ является Департамент имущественных и земельных отношений Воронежской области. Государственный контракт № 0330 от 30.05.2017г.
2. Данный межевой план подготовлен в связи с разделом с сохранением исходного земельного участка с кадастровым номером 36:11:3300001:37 в измененных границах, при котором образуется один земельный участок.
Согласие на раздел земельного участка  с кадастровым номером 36:11:3300001:37 подписано Департаментом имущественных и земельных отношений Воронежской области, в связи с тем что на данном земельном участке располагается ОКС, входящий в комплекс объекта газоснабжения «Газоснабжение х.Молчаново Каменского района Воронежской области (высокое давление)», принадлежащий ДИЗО на праве собственности (свидетельство о государственной регистрации права 36-АВ №366697 от 26.05.2009г., приведено в Приложении к настоящему межевому плану).   
3. Поскольку, в XML версии MP_v06, не предусмотрено внесение данных, содержащихся в графах "6", "7", "8", реквизита "2", раздела "Исходные данные", необходимых для внесения в состав межевого плана в соответствии с приказом №921 от 8.12.2015г., таблица с вышеуказанными графами, приводится в составе раздела "Заключение кадастрового инженера"
Сведения о геодезической основе кадастра, использованной при подготовке межевого плана (МСК-36, состояние на 10 июля 2017 г). 
1. Михайловка (пир. 2 кл.) 387798.79; Y 2159578.49, наружный знак - уничтожен, центр знака – сохранился, марка – сохранилась.
2. Марки (пир. 3 кл.) Х 418081.50; Y 1330793.93, наружный знак - уничтожен, центр знака – сохранился, марка – сохранилась.
3. Пушкино (пир. 3 кл.) Х 404698.20; Y 1307254.30, наружный знак - уничтожен, центр знака – сохранился, марка – сохранилась.  Межевой план подготовил кадастровый инженер Котлярова Анна Юрьевна, являющийся членом СРО КИ  (уникальный реестровый номер кадастрового
инженера в реестре членов СРО КИ N ).
Сведения о СРО КИ  содержатся в
государственном реестре СРО КИ (уникальный номер реестровой записи от  N ).  Межевой план подготовил кадастровый инженер Котлярова Анна Юрьевна, являющийся членом СРО КИ  (уникальный реестровый номер кадастрового
            инженера в реестре членов СРО КИ N 234).
            Сведения о СРО КИ  содержатся в
            государственном реестре СРО КИ (уникальный номер реестровой записи от "04" марта 2018 г.  N 234).
          </Conclusion>
  <SchemeGeodesicPlotting Kind="01" Name="abd379da-16da-443d-baec-e10cf7574659\Схема геодезических построений.pdf" />
  <SchemeDisposition Kind="01" Name="abd379da-16da-443d-baec-e10cf7574659\Схема геодезических построений.pdf" />
  <DiagramParcelsSubParcels Kind="01" Name="abd379da-16da-443d-baec-e10cf7574659\Схема геодезических построений.pdf" />
  <Appendix>
    <AppliedFiles>
      <NumberAppendix>1</NumberAppendix>
      <NameAppendix>-</NameAppendix>
      <AppliedFile Kind="01" Name="abd379da-16da-443d-baec-e10cf7574659\Постановление №50 от 23.03.2017г..pdf" />
    </AppliedFiles>
    <AppliedFiles>
      <NumberAppendix>2</NumberAppendix>
      <NameAppendix>-</NameAppendix>
      <AppliedFile Kind="01" Name="abd379da-16da-443d-baec-e10cf7574659\Схема геодезических построений.pdf" />
    </AppliedFiles>
    <AppliedFiles>
      <NumberAppendix>3</NumberAppendix>
      <NameAppendix>-</NameAppendix>
      <AppliedFile Kind="01" Name="abd379da-16da-443d-baec-e10cf7574659\Чертеж земельных участков и их частей.pdf" />
    </AppliedFiles>
  </Appendix>
</MP>