﻿<?xml version="1.0" encoding="UTF-8"?>
<MP NameSoftware="OfficeCI" VersionSoftware="0.1" Version="06" GUID="0F85B511-1155-4EAF-B35C-2D6950C0D06C" xmlns:xsi="http://www.w3.org/2001/XMLSchema-instance">
<Package>
<FormParcels Method="5">
<NewParcel Definition=":ЗУ1">
<CadastralBlock>69:33:0000013</CadastralBlock>
<ProvidingPassCadastralNumbers>
<Other>Земли (земельные участки) общего пользования </Other>
</ProvidingPassCadastralNumbers>
<Area>
<Area>44730</Area>
<Unit>055</Unit>
<Inaccuracy>74</Inaccuracy>
</Area>
<Address AddressOrLocation="0">
<OKATO>28254000000</OKATO>
<KLADR>6903300000000</KLADR>
<Region>69</Region>
<District Name="Торжокский" Type="р-н"></District>
<Other>Большесвятцовское с/п, автодорога "Митино - Житково"</Other>
</Address>
<Category Category="003003000000">
<DocCategory>
<CodeDocument>558208000000</CodeDocument>
<Name>Постановление Администрации Торжокского района Тверской области</Name>
<Number>96</Number>
<Date>2018-02-16</Date>
<IssueOrgan>Администрация Торжокского района Тверской области</IssueOrgan>
</DocCategory>
</Category>
<LandUse LandUse="214008002000">
<DocLandUse>
<CodeDocument>558209000000</CodeDocument>
<Name>Постановлениен Администрации Торжокского района Тверской области</Name>
<Number>96</Number>
<Date>2018-02-16</Date>
<IssueOrgan>Администрация Торжокского района Тверской области</IssueOrgan>
</DocLandUse>
</LandUse>
<Contours>
<NewContour Definition="1">
<Area>
<Area>35165.66</Area>
<Unit>055</Unit>
<Inaccuracy>65.63</Inaccuracy>
</Area>
<EntitySpatial EntSys="l53AD58C7-DE12-4013-80BC-CE3D28A5E77Cl">
<SpatialElement>
<SpelementUnit TypeUnit="Точка">
<Ordinate X="318647.19" Y="2215857.08" NumGeopoint="1" DeltaGeopoint="0.1" PointPref="н"></Ordinate>
</SpelementUnit>
<SpelementUnit TypeUnit="Точка">
<Ordinate X="318628.01" Y="2215863.75" NumGeopoint="147" DeltaGeopoint="0.1" PointPref="н"></Ordinate>
</SpelementUnit>
<SpelementUnit TypeUnit="Точка">
<Ordinate X="318634.24" Y="2215879.7" NumGeopoint="146" DeltaGeopoint="0.1" PointPref="н"></Ordinate>
</SpelementUnit>
<SpelementUnit TypeUnit="Точка">
<Ordinate X="318648.54" Y="2215912.78" NumGeopoint="145" DeltaGeopoint="0.1" PointPref="н"></Ordinate>
</SpelementUnit>
<SpelementUnit TypeUnit="Точка">
<Ordinate X="318648.98" Y="2215925.67" NumGeopoint="144" DeltaGeopoint="0.1" PointPref="н"></Ordinate>
</SpelementUnit>
<SpelementUnit TypeUnit="Точка">
<Ordinate X="318645.87" Y="2215936.96" NumGeopoint="143" DeltaGeopoint="0.1" PointPref="н"></Ordinate>
</SpelementUnit>
<SpelementUnit TypeUnit="Точка">
<Ordinate X="318634.2" Y="2215976.95" NumGeopoint="142" DeltaGeopoint="0.1" PointPref="н"></Ordinate>
</SpelementUnit>
<SpelementUnit TypeUnit="Точка">
<Ordinate X="318615.13" Y="2216034.49" NumGeopoint="141" DeltaGeopoint="0.1"></Ordinate>
</SpelementUnit>
<SpelementUnit TypeUnit="Точка">
<Ordinate X="318614.11" Y="2216101.37" NumGeopoint="140" DeltaGeopoint="0.1"></Ordinate>
</SpelementUnit>
<SpelementUnit TypeUnit="Точка">
<Ordinate X="318618.64" Y="2216136.19" NumGeopoint="139" DeltaGeopoint="0.1"></Ordinate>
</SpelementUnit>
<SpelementUnit TypeUnit="Точка">
<Ordinate X="318582.4" Y="2216332.59" NumGeopoint="138" DeltaGeopoint="0.1"></Ordinate>
</SpelementUnit>
<SpelementUnit TypeUnit="Точка">
<Ordinate X="318557.2" Y="2216385.95" NumGeopoint="137" DeltaGeopoint="0.1"></Ordinate>
</SpelementUnit>
<SpelementUnit TypeUnit="Точка">
<Ordinate X="318544.84" Y="2216448.18" NumGeopoint="136" DeltaGeopoint="0.1"></Ordinate>
</SpelementUnit>
<SpelementUnit TypeUnit="Точка">
<Ordinate X="318470.5" Y="2216639.76" NumGeopoint="135" DeltaGeopoint="0.1"></Ordinate>
</SpelementUnit>
<SpelementUnit TypeUnit="Точка">
<Ordinate X="318481.16" Y="2216717.03" NumGeopoint="134" DeltaGeopoint="0.1"></Ordinate>
</SpelementUnit>
<SpelementUnit TypeUnit="Точка">
<Ordinate X="318472.47" Y="2216794.67" NumGeopoint="133" DeltaGeopoint="0.1"></Ordinate>
</SpelementUnit>
<SpelementUnit TypeUnit="Точка">
<Ordinate X="318472.58" Y="2216801.58" NumGeopoint="132" DeltaGeopoint="0.1" PointPref="н"></Ordinate>
</SpelementUnit>
<SpelementUnit TypeUnit="Точка">
<Ordinate X="318472.52" Y="2216801.93" NumGeopoint="131" DeltaGeopoint="0.1" PointPref="н"></Ordinate>
</SpelementUnit>
<SpelementUnit TypeUnit="Точка">
<Ordinate X="318472.98" Y="2216873.25" NumGeopoint="130" DeltaGeopoint="0.1"></Ordinate>
</SpelementUnit>
<SpelementUnit TypeUnit="Точка">
<Ordinate X="318471.83" Y="2216887.52" NumGeopoint="129" DeltaGeopoint="0.1" PointPref="н"></Ordinate>
</SpelementUnit>
<SpelementUnit TypeUnit="Точка">
<Ordinate X="318471.32" Y="2216922.93" NumGeopoint="128" DeltaGeopoint="0.1" PointPref="н"></Ordinate>
</SpelementUnit>
<SpelementUnit TypeUnit="Точка">
<Ordinate X="318475.68" Y="2216954.79" NumGeopoint="127" DeltaGeopoint="0.1" PointPref="н"></Ordinate>
</SpelementUnit>
<SpelementUnit TypeUnit="Точка">
<Ordinate X="318476.38" Y="2216962.27" NumGeopoint="126" DeltaGeopoint="0.1" PointPref="н"></Ordinate>
</SpelementUnit>
<SpelementUnit TypeUnit="Точка">
<Ordinate X="318477.41" Y="2216967.98" NumGeopoint="125" DeltaGeopoint="0.1" PointPref="н"></Ordinate>
</SpelementUnit>
<SpelementUnit TypeUnit="Точка">
<Ordinate X="318479.85" Y="2216976.6" NumGeopoint="124" DeltaGeopoint="0.1" PointPref="н"></Ordinate>
</SpelementUnit>
<SpelementUnit TypeUnit="Точка">
<Ordinate X="318480.4" Y="2216982.27" NumGeopoint="123" DeltaGeopoint="0.1" PointPref="н"></Ordinate>
</SpelementUnit>
<SpelementUnit TypeUnit="Точка">
<Ordinate X="318480.36" Y="2216985.62" NumGeopoint="122" DeltaGeopoint="0.1" PointPref="н"></Ordinate>
</SpelementUnit>
<SpelementUnit TypeUnit="Точка">
<Ordinate X="318479.3" Y="2216995.05" NumGeopoint="121" DeltaGeopoint="0.1" PointPref="н"></Ordinate>
</SpelementUnit>
<SpelementUnit TypeUnit="Точка">
<Ordinate X="318474.94" Y="2217023.98" NumGeopoint="120" DeltaGeopoint="0.1" PointPref="н"></Ordinate>
</SpelementUnit>
<SpelementUnit TypeUnit="Точка">
<Ordinate X="318473.5" Y="2217038.55" NumGeopoint="119" DeltaGeopoint="0.1" PointPref="н"></Ordinate>
</SpelementUnit>
<SpelementUnit TypeUnit="Точка">
<Ordinate X="318471.1" Y="2217057.47" NumGeopoint="118" DeltaGeopoint="0.1" PointPref="н"></Ordinate>
</SpelementUnit>
<SpelementUnit TypeUnit="Точка">
<Ordinate X="318467.84" Y="2217078.85" NumGeopoint="117" DeltaGeopoint="0.1" PointPref="н"></Ordinate>
</SpelementUnit>
<SpelementUnit TypeUnit="Точка">
<Ordinate X="318472.7" Y="2217096.86" NumGeopoint="116" DeltaGeopoint="0.1"></Ordinate>
</SpelementUnit>
<SpelementUnit TypeUnit="Точка">
<Ordinate X="318476.57" Y="2217102.9" NumGeopoint="115" DeltaGeopoint="0.1" PointPref="н"></Ordinate>
</SpelementUnit>
<SpelementUnit TypeUnit="Точка">
<Ordinate X="318476.42" Y="2217104.22" NumGeopoint="114" DeltaGeopoint="0.1" PointPref="н"></Ordinate>
</SpelementUnit>
<SpelementUnit TypeUnit="Точка">
<Ordinate X="318471.87" Y="2217107.73" NumGeopoint="113" DeltaGeopoint="0.1" PointPref="н"></Ordinate>
</SpelementUnit>
<SpelementUnit TypeUnit="Точка">
<Ordinate X="318471.61" Y="2217111.13" NumGeopoint="112" DeltaGeopoint="0.1"></Ordinate>
</SpelementUnit>
<SpelementUnit TypeUnit="Точка">
<Ordinate X="318447.22" Y="2217122.71" NumGeopoint="111" DeltaGeopoint="0.1"></Ordinate>
</SpelementUnit>
<SpelementUnit TypeUnit="Точка">
<Ordinate X="318443.7" Y="2217126.82" NumGeopoint="110" DeltaGeopoint="0.1" PointPref="н"></Ordinate>
</SpelementUnit>
<SpelementUnit TypeUnit="Точка">
<Ordinate X="318441.84" Y="2217129.7" NumGeopoint="109" DeltaGeopoint="0.1" PointPref="н"></Ordinate>
</SpelementUnit>
<SpelementUnit TypeUnit="Точка">
<Ordinate X="318440.4" Y="2217132.52" NumGeopoint="108" DeltaGeopoint="0.1" PointPref="н"></Ordinate>
</SpelementUnit>
<SpelementUnit TypeUnit="Точка">
<Ordinate X="318439.22" Y="2217135.71" NumGeopoint="107" DeltaGeopoint="0.1" PointPref="н"></Ordinate>
</SpelementUnit>
<SpelementUnit TypeUnit="Точка">
<Ordinate X="318438.24" Y="2217139.39" NumGeopoint="106" DeltaGeopoint="0.1" PointPref="н"></Ordinate>
</SpelementUnit>
<SpelementUnit TypeUnit="Точка">
<Ordinate X="318430.2" Y="2217152.71" NumGeopoint="105" DeltaGeopoint="0.1"></Ordinate>
</SpelementUnit>
<SpelementUnit TypeUnit="Точка">
<Ordinate X="318423.5" Y="2217178.74" NumGeopoint="104" DeltaGeopoint="0.1" PointPref="н"></Ordinate>
</SpelementUnit>
<SpelementUnit TypeUnit="Точка">
<Ordinate X="318422.98" Y="2217182.66" NumGeopoint="103" DeltaGeopoint="0.1" PointPref="н"></Ordinate>
</SpelementUnit>
<SpelementUnit TypeUnit="Точка">
<Ordinate X="318421.83" Y="2217189.58" NumGeopoint="102" DeltaGeopoint="0.1" PointPref="н"></Ordinate>
</SpelementUnit>
<SpelementUnit TypeUnit="Точка">
<Ordinate X="318419.64" Y="2217200.34" NumGeopoint="101" DeltaGeopoint="0.1" PointPref="н"></Ordinate>
</SpelementUnit>
<SpelementUnit TypeUnit="Точка">
<Ordinate X="318415.34" Y="2217217.09" NumGeopoint="100" DeltaGeopoint="0.1" PointPref="н"></Ordinate>
</SpelementUnit>
<SpelementUnit TypeUnit="Точка">
<Ordinate X="318411.59" Y="2217229.53" NumGeopoint="99" DeltaGeopoint="0.1" PointPref="н"></Ordinate>
</SpelementUnit>
<SpelementUnit TypeUnit="Точка">
<Ordinate X="318406.75" Y="2217243.8" NumGeopoint="98" DeltaGeopoint="0.1" PointPref="н"></Ordinate>
</SpelementUnit>
<SpelementUnit TypeUnit="Точка">
<Ordinate X="318388.76" Y="2217313.63" NumGeopoint="97" DeltaGeopoint="0.1"></Ordinate>
</SpelementUnit>
<SpelementUnit TypeUnit="Точка">
<Ordinate X="318384.02" Y="2217358" NumGeopoint="96" DeltaGeopoint="0.1"></Ordinate>
</SpelementUnit>
<SpelementUnit TypeUnit="Точка">
<Ordinate X="318342" Y="2217452.66" NumGeopoint="95" DeltaGeopoint="0.1"></Ordinate>
</SpelementUnit>
<SpelementUnit TypeUnit="Точка">
<Ordinate X="318319.76" Y="2217581.62" NumGeopoint="94" DeltaGeopoint="0.1" PointPref="н"></Ordinate>
</SpelementUnit>
<SpelementUnit TypeUnit="Точка">
<Ordinate X="318320.65" Y="2217585.71" NumGeopoint="93" DeltaGeopoint="0.1" PointPref="н"></Ordinate>
</SpelementUnit>
<SpelementUnit TypeUnit="Точка">
<Ordinate X="318325.99" Y="2217609.35" NumGeopoint="92" DeltaGeopoint="0.1" PointPref="н"></Ordinate>
</SpelementUnit>
<SpelementUnit TypeUnit="Точка">
<Ordinate X="318330.12" Y="2217620.28" NumGeopoint="91" DeltaGeopoint="0.1" PointPref="н"></Ordinate>
</SpelementUnit>
<SpelementUnit TypeUnit="Точка">
<Ordinate X="318334.03" Y="2217627.97" NumGeopoint="90" DeltaGeopoint="0.1" PointPref="н"></Ordinate>
</SpelementUnit>
<SpelementUnit TypeUnit="Точка">
<Ordinate X="318341.26" Y="2217586.14" NumGeopoint="89" DeltaGeopoint="0.1" PointPref="н"></Ordinate>
</SpelementUnit>
<SpelementUnit TypeUnit="Точка">
<Ordinate X="318339.14" Y="2217576.82" NumGeopoint="88" DeltaGeopoint="0.1" PointPref="н"></Ordinate>
</SpelementUnit>
<SpelementUnit TypeUnit="Точка">
<Ordinate X="318338.42" Y="2217571.49" NumGeopoint="87" DeltaGeopoint="0.1" PointPref="н"></Ordinate>
</SpelementUnit>
<SpelementUnit TypeUnit="Точка">
<Ordinate X="318338.5" Y="2217566" NumGeopoint="86" DeltaGeopoint="0.1" PointPref="н"></Ordinate>
</SpelementUnit>
<SpelementUnit TypeUnit="Точка">
<Ordinate X="318339.8" Y="2217560.2" NumGeopoint="85" DeltaGeopoint="0.1" PointPref="н"></Ordinate>
</SpelementUnit>
<SpelementUnit TypeUnit="Точка">
<Ordinate X="318343.12" Y="2217548.93" NumGeopoint="84" DeltaGeopoint="0.1" PointPref="н"></Ordinate>
</SpelementUnit>
<SpelementUnit TypeUnit="Точка">
<Ordinate X="318344.55" Y="2217543.74" NumGeopoint="83" DeltaGeopoint="0.1" PointPref="н"></Ordinate>
</SpelementUnit>
<SpelementUnit TypeUnit="Точка">
<Ordinate X="318345.52" Y="2217538.61" NumGeopoint="82" DeltaGeopoint="0.1" PointPref="н"></Ordinate>
</SpelementUnit>
<SpelementUnit TypeUnit="Точка">
<Ordinate X="318346.17" Y="2217533.18" NumGeopoint="81" DeltaGeopoint="0.1" PointPref="н"></Ordinate>
</SpelementUnit>
<SpelementUnit TypeUnit="Точка">
<Ordinate X="318346.65" Y="2217524.64" NumGeopoint="80" DeltaGeopoint="0.1" PointPref="н"></Ordinate>
</SpelementUnit>
<SpelementUnit TypeUnit="Точка">
<Ordinate X="318346.63" Y="2217515.26" NumGeopoint="79" DeltaGeopoint="0.1" PointPref="н"></Ordinate>
</SpelementUnit>
<SpelementUnit TypeUnit="Точка">
<Ordinate X="318345.53" Y="2217490.67" NumGeopoint="78" DeltaGeopoint="0.1" PointPref="н"></Ordinate>
</SpelementUnit>
<SpelementUnit TypeUnit="Точка">
<Ordinate X="318345.56" Y="2217486.96" NumGeopoint="77" DeltaGeopoint="0.1" PointPref="н"></Ordinate>
</SpelementUnit>
<SpelementUnit TypeUnit="Точка">
<Ordinate X="318346.08" Y="2217482.84" NumGeopoint="76" DeltaGeopoint="0.1" PointPref="н"></Ordinate>
</SpelementUnit>
<SpelementUnit TypeUnit="Точка">
<Ordinate X="318347.38" Y="2217477.81" NumGeopoint="75" DeltaGeopoint="0.1" PointPref="н"></Ordinate>
</SpelementUnit>
<SpelementUnit TypeUnit="Точка">
<Ordinate X="318349.51" Y="2217472.78" NumGeopoint="74" DeltaGeopoint="0.1" PointPref="н"></Ordinate>
</SpelementUnit>
<SpelementUnit TypeUnit="Точка">
<Ordinate X="318357.66" Y="2217459.4" NumGeopoint="73" DeltaGeopoint="0.1" PointPref="н"></Ordinate>
</SpelementUnit>
<SpelementUnit TypeUnit="Точка">
<Ordinate X="318363.7" Y="2217448.69" NumGeopoint="72" DeltaGeopoint="0.1" PointPref="н"></Ordinate>
</SpelementUnit>
<SpelementUnit TypeUnit="Точка">
<Ordinate X="318371.41" Y="2217433.66" NumGeopoint="71" DeltaGeopoint="0.1" PointPref="н"></Ordinate>
</SpelementUnit>
<SpelementUnit TypeUnit="Точка">
<Ordinate X="318385.1" Y="2217403.25" NumGeopoint="70" DeltaGeopoint="0.1" PointPref="н"></Ordinate>
</SpelementUnit>
<SpelementUnit TypeUnit="Точка">
<Ordinate X="318387.56" Y="2217396.31" NumGeopoint="69" DeltaGeopoint="0.1" PointPref="н"></Ordinate>
</SpelementUnit>
<SpelementUnit TypeUnit="Точка">
<Ordinate X="318392.88" Y="2217376.88" NumGeopoint="68" DeltaGeopoint="0.1" PointPref="н"></Ordinate>
</SpelementUnit>
<SpelementUnit TypeUnit="Точка">
<Ordinate X="318394.94" Y="2217367.14" NumGeopoint="67" DeltaGeopoint="0.1" PointPref="н"></Ordinate>
</SpelementUnit>
<SpelementUnit TypeUnit="Точка">
<Ordinate X="318396.81" Y="2217353.84" NumGeopoint="66" DeltaGeopoint="0.1" PointPref="н"></Ordinate>
</SpelementUnit>
<SpelementUnit TypeUnit="Точка">
<Ordinate X="318400.44" Y="2217333.97" NumGeopoint="65" DeltaGeopoint="0.1" PointPref="н"></Ordinate>
</SpelementUnit>
<SpelementUnit TypeUnit="Точка">
<Ordinate X="318408.51" Y="2217297.47" NumGeopoint="64" DeltaGeopoint="0.1" PointPref="н"></Ordinate>
</SpelementUnit>
<SpelementUnit TypeUnit="Точка">
<Ordinate X="318423.52" Y="2217256.51" NumGeopoint="63" DeltaGeopoint="0.1" PointPref="н"></Ordinate>
</SpelementUnit>
<SpelementUnit TypeUnit="Точка">
<Ordinate X="318430.55" Y="2217235.88" NumGeopoint="62" DeltaGeopoint="0.1" PointPref="н"></Ordinate>
</SpelementUnit>
<SpelementUnit TypeUnit="Точка">
<Ordinate X="318434.64" Y="2217222.32" NumGeopoint="61" DeltaGeopoint="0.1" PointPref="н"></Ordinate>
</SpelementUnit>
<SpelementUnit TypeUnit="Точка">
<Ordinate X="318439.08" Y="2217205.01" NumGeopoint="60" DeltaGeopoint="0.1" PointPref="н"></Ordinate>
</SpelementUnit>
<SpelementUnit TypeUnit="Точка">
<Ordinate X="318441.51" Y="2217193.14" NumGeopoint="59" DeltaGeopoint="0.1" PointPref="н"></Ordinate>
</SpelementUnit>
<SpelementUnit TypeUnit="Точка">
<Ordinate X="318442.74" Y="2217185.72" NumGeopoint="58" DeltaGeopoint="0.1" PointPref="н"></Ordinate>
</SpelementUnit>
<SpelementUnit TypeUnit="Точка">
<Ordinate X="318443.8" Y="2217176.8" NumGeopoint="57" DeltaGeopoint="0.1" PointPref="н"></Ordinate>
</SpelementUnit>
<SpelementUnit TypeUnit="Точка">
<Ordinate X="318444.22" Y="2217168.69" NumGeopoint="56" DeltaGeopoint="0.1" PointPref="н"></Ordinate>
</SpelementUnit>
<SpelementUnit TypeUnit="Точка">
<Ordinate X="318451.48" Y="2217156.46" NumGeopoint="55" DeltaGeopoint="0.1" PointPref="н"></Ordinate>
</SpelementUnit>
<SpelementUnit TypeUnit="Точка">
<Ordinate X="318454.65" Y="2217151.43" NumGeopoint="54" DeltaGeopoint="0.1" PointPref="н"></Ordinate>
</SpelementUnit>
<SpelementUnit TypeUnit="Точка">
<Ordinate X="318457.1" Y="2217146.17" NumGeopoint="53" DeltaGeopoint="0.1" PointPref="н"></Ordinate>
</SpelementUnit>
<SpelementUnit TypeUnit="Точка">
<Ordinate X="318458.04" Y="2217142.59" NumGeopoint="52" DeltaGeopoint="0.1" PointPref="н"></Ordinate>
</SpelementUnit>
<SpelementUnit TypeUnit="Точка">
<Ordinate X="318459.59" Y="2217138.72" NumGeopoint="51" DeltaGeopoint="0.1" PointPref="н"></Ordinate>
</SpelementUnit>
<SpelementUnit TypeUnit="Точка">
<Ordinate X="318464.51" Y="2217134.21" NumGeopoint="50" DeltaGeopoint="0.1" PointPref="н"></Ordinate>
</SpelementUnit>
<SpelementUnit TypeUnit="Точка">
<Ordinate X="318466.77" Y="2217132.68" NumGeopoint="49" DeltaGeopoint="0.1" PointPref="н"></Ordinate>
</SpelementUnit>
<SpelementUnit TypeUnit="Точка">
<Ordinate X="318471.25" Y="2217130.3" NumGeopoint="48" DeltaGeopoint="0.1" PointPref="н"></Ordinate>
</SpelementUnit>
<SpelementUnit TypeUnit="Точка">
<Ordinate X="318483.06" Y="2217113.61" NumGeopoint="47" DeltaGeopoint="0.1"></Ordinate>
</SpelementUnit>
<SpelementUnit TypeUnit="Точка">
<Ordinate X="318494.58" Y="2217113.5" NumGeopoint="46" DeltaGeopoint="0.1" PointPref="н"></Ordinate>
</SpelementUnit>
<SpelementUnit TypeUnit="Точка">
<Ordinate X="318496.03" Y="2217111.15" NumGeopoint="45" DeltaGeopoint="0.1" PointPref="н"></Ordinate>
</SpelementUnit>
<SpelementUnit TypeUnit="Точка">
<Ordinate X="318496.84" Y="2217109.18" NumGeopoint="44" DeltaGeopoint="0.1" PointPref="н"></Ordinate>
</SpelementUnit>
<SpelementUnit TypeUnit="Точка">
<Ordinate X="318493.53" Y="2217109.19" NumGeopoint="43" DeltaGeopoint="0.1"></Ordinate>
</SpelementUnit>
<SpelementUnit TypeUnit="Точка">
<Ordinate X="318495.01" Y="2217095.05" NumGeopoint="42" DeltaGeopoint="0.1" PointPref="н"></Ordinate>
</SpelementUnit>
<SpelementUnit TypeUnit="Точка">
<Ordinate X="318492.89" Y="2217091.17" NumGeopoint="41" DeltaGeopoint="0.1" PointPref="н"></Ordinate>
</SpelementUnit>
<SpelementUnit TypeUnit="Точка">
<Ordinate X="318488.08" Y="2217083.27" NumGeopoint="40" DeltaGeopoint="0.1" PointPref="н"></Ordinate>
</SpelementUnit>
<SpelementUnit TypeUnit="Точка">
<Ordinate X="318487.85" Y="2217082.14" NumGeopoint="39" DeltaGeopoint="0.1" PointPref="н"></Ordinate>
</SpelementUnit>
<SpelementUnit TypeUnit="Точка">
<Ordinate X="318487.89" Y="2217078.67" NumGeopoint="38" DeltaGeopoint="0.1" PointPref="н"></Ordinate>
</SpelementUnit>
<SpelementUnit TypeUnit="Точка">
<Ordinate X="318488.62" Y="2217074.12" NumGeopoint="37" DeltaGeopoint="0.1" PointPref="н"></Ordinate>
</SpelementUnit>
<SpelementUnit TypeUnit="Точка">
<Ordinate X="318486.89" Y="2217068.57" NumGeopoint="36" DeltaGeopoint="0.1"></Ordinate>
</SpelementUnit>
<SpelementUnit TypeUnit="Точка">
<Ordinate X="318495.01" Y="2217022.92" NumGeopoint="35" DeltaGeopoint="0.1" PointPref="н"></Ordinate>
</SpelementUnit>
<SpelementUnit TypeUnit="Точка">
<Ordinate X="318498.39" Y="2217003.95" NumGeopoint="34" DeltaGeopoint="0.1"></Ordinate>
</SpelementUnit>
<SpelementUnit TypeUnit="Точка">
<Ordinate X="318500.3" Y="2216987.19" NumGeopoint="33" DeltaGeopoint="0.1" PointPref="н"></Ordinate>
</SpelementUnit>
<SpelementUnit TypeUnit="Точка">
<Ordinate X="318500.3" Y="2216979.77" NumGeopoint="32" DeltaGeopoint="0.1" PointPref="н"></Ordinate>
</SpelementUnit>
<SpelementUnit TypeUnit="Точка">
<Ordinate X="318499.27" Y="2216971.67" NumGeopoint="31" DeltaGeopoint="0.1" PointPref="н"></Ordinate>
</SpelementUnit>
<SpelementUnit TypeUnit="Точка">
<Ordinate X="318496.54" Y="2216961.97" NumGeopoint="30" DeltaGeopoint="0.1" PointPref="н"></Ordinate>
</SpelementUnit>
<SpelementUnit TypeUnit="Точка">
<Ordinate X="318495.61" Y="2216953.15" NumGeopoint="29" DeltaGeopoint="0.1" PointPref="н"></Ordinate>
</SpelementUnit>
<SpelementUnit TypeUnit="Точка">
<Ordinate X="318491.12" Y="2216921.3" NumGeopoint="28" DeltaGeopoint="0.1"></Ordinate>
</SpelementUnit>
<SpelementUnit TypeUnit="Точка">
<Ordinate X="318491.73" Y="2216884.87" NumGeopoint="27" DeltaGeopoint="0.1" PointPref="н"></Ordinate>
</SpelementUnit>
<SpelementUnit TypeUnit="Точка">
<Ordinate X="318491.33" Y="2216878.17" NumGeopoint="26" DeltaGeopoint="0.1" PointPref="н"></Ordinate>
</SpelementUnit>
<SpelementUnit TypeUnit="Точка">
<Ordinate X="318490.66" Y="2216874.74" NumGeopoint="25" DeltaGeopoint="0.1" PointPref="н"></Ordinate>
</SpelementUnit>
<SpelementUnit TypeUnit="Точка">
<Ordinate X="318489.2" Y="2216871.55" NumGeopoint="24" DeltaGeopoint="0.1" PointPref="н"></Ordinate>
</SpelementUnit>
<SpelementUnit TypeUnit="Точка">
<Ordinate X="318487.69" Y="2216869.18" NumGeopoint="23" DeltaGeopoint="0.1" PointPref="н"></Ordinate>
</SpelementUnit>
<SpelementUnit TypeUnit="Точка">
<Ordinate X="318484.05" Y="2216864.55" NumGeopoint="22" DeltaGeopoint="0.1" PointPref="н"></Ordinate>
</SpelementUnit>
<SpelementUnit TypeUnit="Точка">
<Ordinate X="318483.9" Y="2216860.05" NumGeopoint="21" DeltaGeopoint="0.1" PointPref="н"></Ordinate>
</SpelementUnit>
<SpelementUnit TypeUnit="Точка">
<Ordinate X="318490.72" Y="2216813.75" NumGeopoint="20" DeltaGeopoint="0.1" PointPref="н"></Ordinate>
</SpelementUnit>
<SpelementUnit TypeUnit="Точка">
<Ordinate X="318492.86" Y="2216801.34" NumGeopoint="19" DeltaGeopoint="0.1" PointPref="н"></Ordinate>
</SpelementUnit>
<SpelementUnit TypeUnit="Точка">
<Ordinate X="318493.18" Y="2216793.76" NumGeopoint="18" DeltaGeopoint="0.1" PointPref="н"></Ordinate>
</SpelementUnit>
<SpelementUnit TypeUnit="Точка">
<Ordinate X="318496.61" Y="2216775.35" NumGeopoint="17" DeltaGeopoint="0.1" PointPref="н"></Ordinate>
</SpelementUnit>
<SpelementUnit TypeUnit="Точка">
<Ordinate X="318503.16" Y="2216718.09" NumGeopoint="16" DeltaGeopoint="0.1" PointPref="н"></Ordinate>
</SpelementUnit>
<SpelementUnit TypeUnit="Точка">
<Ordinate X="318492.54" Y="2216641.47" NumGeopoint="16" DeltaGeopoint="0.1"></Ordinate>
</SpelementUnit>
<SpelementUnit TypeUnit="Точка">
<Ordinate X="318566.3" Y="2216453.02" NumGeopoint="14" DeltaGeopoint="0.1"></Ordinate>
</SpelementUnit>
<SpelementUnit TypeUnit="Точка">
<Ordinate X="318577.58" Y="2216395.34" NumGeopoint="13" DeltaGeopoint="0.1" PointPref="н"></Ordinate>
</SpelementUnit>
<SpelementUnit TypeUnit="Точка">
<Ordinate X="318578.18" Y="2216392.88" NumGeopoint="12" DeltaGeopoint="0.1"></Ordinate>
</SpelementUnit>
<SpelementUnit TypeUnit="Точка">
<Ordinate X="318603.13" Y="2216340.16" NumGeopoint="11" DeltaGeopoint="0.1"></Ordinate>
</SpelementUnit>
<SpelementUnit TypeUnit="Точка">
<Ordinate X="318640.64" Y="2216134.8" NumGeopoint="10" DeltaGeopoint="0.1"></Ordinate>
</SpelementUnit>
<SpelementUnit TypeUnit="Точка">
<Ordinate X="318636.11" Y="2216100.87" NumGeopoint="9" DeltaGeopoint="0.1"></Ordinate>
</SpelementUnit>
<SpelementUnit TypeUnit="Точка">
<Ordinate X="318636.94" Y="2216037.96" NumGeopoint="8" DeltaGeopoint="0.1"></Ordinate>
</SpelementUnit>
<SpelementUnit TypeUnit="Точка">
<Ordinate X="318643.81" Y="2216015.46" NumGeopoint="7" DeltaGeopoint="0.1"></Ordinate>
</SpelementUnit>
<SpelementUnit TypeUnit="Точка">
<Ordinate X="318646.95" Y="2216004.88" NumGeopoint="6" DeltaGeopoint="0.1" PointPref="н"></Ordinate>
</SpelementUnit>
<SpelementUnit TypeUnit="Точка">
<Ordinate X="318643.6" Y="2216004.96" NumGeopoint="5" DeltaGeopoint="0.1" PointPref="н"></Ordinate>
</SpelementUnit>
<SpelementUnit TypeUnit="Точка">
<Ordinate X="318664.7" Y="2215908.66" NumGeopoint="4" DeltaGeopoint="0.1" PointPref="н"></Ordinate>
</SpelementUnit>
<SpelementUnit TypeUnit="Точка">
<Ordinate X="318663.92" Y="2215897.19" NumGeopoint="3" DeltaGeopoint="0.1" PointPref="н"></Ordinate>
</SpelementUnit>
<SpelementUnit TypeUnit="Точка">
<Ordinate X="318652.98" Y="2215872.7" NumGeopoint="2" DeltaGeopoint="0.1" PointPref="н"></Ordinate>
</SpelementUnit>
<SpelementUnit TypeUnit="Точка">
<Ordinate X="318647.19" Y="2215857.08" NumGeopoint="1" DeltaGeopoint="0.1" PointPref="н"></Ordinate>
</SpelementUnit>
</SpatialElement>
<Borders>
<Border Spatial="1" Point1="1" Point2="2">
<Edge>
<Length>20.31</Length>
</Edge>
</Border>
<Border Spatial="1" Point1="2" Point2="3">
<Edge>
<Length>17.12</Length>
</Edge>
</Border>
<Border Spatial="1" Point1="3" Point2="4">
<Edge>
<Length>36.04</Length>
</Edge>
</Border>
<Border Spatial="1" Point1="4" Point2="5">
<Edge>
<Length>12.9</Length>
</Edge>
</Border>
<Border Spatial="1" Point1="5" Point2="6">
<Edge>
<Length>11.71</Length>
</Edge>
</Border>
<Border Spatial="1" Point1="6" Point2="7">
<Edge>
<Length>41.66</Length>
</Edge>
</Border>
<Border Spatial="1" Point1="7" Point2="8">
<Edge>
<Length>60.62</Length>
</Edge>
</Border>
<Border Spatial="1" Point1="8" Point2="9">
<Edge>
<Length>66.89</Length>
</Edge>
</Border>
<Border Spatial="1" Point1="9" Point2="10">
<Edge>
<Length>35.11</Length>
</Edge>
</Border>
<Border Spatial="1" Point1="10" Point2="11">
<Edge>
<Length>199.72</Length>
</Edge>
</Border>
<Border Spatial="1" Point1="11" Point2="12">
<Edge>
<Length>59.01</Length>
</Edge>
</Border>
<Border Spatial="1" Point1="12" Point2="13">
<Edge>
<Length>63.45</Length>
</Edge>
</Border>
<Border Spatial="1" Point1="13" Point2="14">
<Edge>
<Length>205.5</Length>
</Edge>
</Border>
<Border Spatial="1" Point1="14" Point2="15">
<Edge>
<Length>78</Length>
</Edge>
</Border>
<Border Spatial="1" Point1="15" Point2="16">
<Edge>
<Length>78.12</Length>
</Edge>
</Border>
<Border Spatial="1" Point1="16" Point2="17">
<Edge>
<Length>6.91</Length>
</Edge>
</Border>
<Border Spatial="1" Point1="17" Point2="18">
<Edge>
<Length>0.36</Length>
</Edge>
</Border>
<Border Spatial="1" Point1="18" Point2="19">
<Edge>
<Length>71.32</Length>
</Edge>
</Border>
<Border Spatial="1" Point1="19" Point2="20">
<Edge>
<Length>14.32</Length>
</Edge>
</Border>
<Border Spatial="1" Point1="20" Point2="21">
<Edge>
<Length>35.41</Length>
</Edge>
</Border>
<Border Spatial="1" Point1="21" Point2="22">
<Edge>
<Length>32.16</Length>
</Edge>
</Border>
<Border Spatial="1" Point1="22" Point2="23">
<Edge>
<Length>7.51</Length>
</Edge>
</Border>
<Border Spatial="1" Point1="23" Point2="24">
<Edge>
<Length>5.8</Length>
</Edge>
</Border>
<Border Spatial="1" Point1="24" Point2="25">
<Edge>
<Length>8.96</Length>
</Edge>
</Border>
<Border Spatial="1" Point1="25" Point2="26">
<Edge>
<Length>5.7</Length>
</Edge>
</Border>
<Border Spatial="1" Point1="26" Point2="27">
<Edge>
<Length>3.35</Length>
</Edge>
</Border>
<Border Spatial="1" Point1="27" Point2="28">
<Edge>
<Length>9.49</Length>
</Edge>
</Border>
<Border Spatial="1" Point1="28" Point2="29">
<Edge>
<Length>29.26</Length>
</Edge>
</Border>
<Border Spatial="1" Point1="29" Point2="30">
<Edge>
<Length>14.64</Length>
</Edge>
</Border>
<Border Spatial="1" Point1="30" Point2="31">
<Edge>
<Length>19.07</Length>
</Edge>
</Border>
<Border Spatial="1" Point1="31" Point2="32">
<Edge>
<Length>21.63</Length>
</Edge>
</Border>
<Border Spatial="1" Point1="32" Point2="33">
<Edge>
<Length>18.65</Length>
</Edge>
</Border>
<Border Spatial="1" Point1="33" Point2="34">
<Edge>
<Length>7.17</Length>
</Edge>
</Border>
<Border Spatial="1" Point1="34" Point2="35">
<Edge>
<Length>1.33</Length>
</Edge>
</Border>
<Border Spatial="1" Point1="35" Point2="36">
<Edge>
<Length>5.75</Length>
</Edge>
</Border>
<Border Spatial="1" Point1="36" Point2="37">
<Edge>
<Length>3.41</Length>
</Edge>
</Border>
<Border Spatial="1" Point1="37" Point2="38">
<Edge>
<Length>27</Length>
</Edge>
</Border>
<Border Spatial="1" Point1="38" Point2="39">
<Edge>
<Length>5.41</Length>
</Edge>
</Border>
<Border Spatial="1" Point1="39" Point2="40">
<Edge>
<Length>3.43</Length>
</Edge>
</Border>
<Border Spatial="1" Point1="40" Point2="41">
<Edge>
<Length>3.17</Length>
</Edge>
</Border>
<Border Spatial="1" Point1="41" Point2="42">
<Edge>
<Length>3.4</Length>
</Edge>
</Border>
<Border Spatial="1" Point1="42" Point2="43">
<Edge>
<Length>3.81</Length>
</Edge>
</Border>
<Border Spatial="1" Point1="43" Point2="44">
<Edge>
<Length>15.56</Length>
</Edge>
</Border>
<Border Spatial="1" Point1="44" Point2="45">
<Edge>
<Length>26.88</Length>
</Edge>
</Border>
<Border Spatial="1" Point1="45" Point2="46">
<Edge>
<Length>3.95</Length>
</Edge>
</Border>
<Border Spatial="1" Point1="46" Point2="47">
<Edge>
<Length>7.01</Length>
</Edge>
</Border>
<Border Spatial="1" Point1="47" Point2="48">
<Edge>
<Length>10.98</Length>
</Edge>
</Border>
<Border Spatial="1" Point1="48" Point2="49">
<Edge>
<Length>17.29</Length>
</Edge>
</Border>
<Border Spatial="1" Point1="49" Point2="50">
<Edge>
<Length>12.99</Length>
</Edge>
</Border>
<Border Spatial="1" Point1="50" Point2="51">
<Edge>
<Length>15.07</Length>
</Edge>
</Border>
<Border Spatial="1" Point1="51" Point2="52">
<Edge>
<Length>72.11</Length>
</Edge>
</Border>
<Border Spatial="1" Point1="52" Point2="53">
<Edge>
<Length>44.62</Length>
</Edge>
</Border>
<Border Spatial="1" Point1="53" Point2="54">
<Edge>
<Length>103.57</Length>
</Edge>
</Border>
<Border Spatial="1" Point1="54" Point2="55">
<Edge>
<Length>130.86</Length>
</Edge>
</Border>
<Border Spatial="1" Point1="55" Point2="56">
<Edge>
<Length>4.19</Length>
</Edge>
</Border>
<Border Spatial="1" Point1="56" Point2="57">
<Edge>
<Length>24.24</Length>
</Edge>
</Border>
<Border Spatial="1" Point1="57" Point2="58">
<Edge>
<Length>11.68</Length>
</Edge>
</Border>
<Border Spatial="1" Point1="58" Point2="59">
<Edge>
<Length>8.63</Length>
</Edge>
</Border>
<Border Spatial="1" Point1="59" Point2="60">
<Edge>
<Length>42.45</Length>
</Edge>
</Border>
<Border Spatial="1" Point1="60" Point2="61">
<Edge>
<Length>9.56</Length>
</Edge>
</Border>
<Border Spatial="1" Point1="61" Point2="62">
<Edge>
<Length>5.38</Length>
</Edge>
</Border>
<Border Spatial="1" Point1="62" Point2="63">
<Edge>
<Length>5.49</Length>
</Edge>
</Border>
<Border Spatial="1" Point1="63" Point2="64">
<Edge>
<Length>5.94</Length>
</Edge>
</Border>
<Border Spatial="1" Point1="64" Point2="65">
<Edge>
<Length>11.75</Length>
</Edge>
</Border>
<Border Spatial="1" Point1="65" Point2="66">
<Edge>
<Length>5.38</Length>
</Edge>
</Border>
<Border Spatial="1" Point1="66" Point2="67">
<Edge>
<Length>5.22</Length>
</Edge>
</Border>
<Border Spatial="1" Point1="67" Point2="68">
<Edge>
<Length>5.47</Length>
</Edge>
</Border>
<Border Spatial="1" Point1="68" Point2="69">
<Edge>
<Length>8.55</Length>
</Edge>
</Border>
<Border Spatial="1" Point1="69" Point2="70">
<Edge>
<Length>9.38</Length>
</Edge>
</Border>
<Border Spatial="1" Point1="70" Point2="71">
<Edge>
<Length>24.61</Length>
</Edge>
</Border>
<Border Spatial="1" Point1="71" Point2="72">
<Edge>
<Length>3.71</Length>
</Edge>
</Border>
<Border Spatial="1" Point1="72" Point2="73">
<Edge>
<Length>4.15</Length>
</Edge>
</Border>
<Border Spatial="1" Point1="73" Point2="74">
<Edge>
<Length>5.2</Length>
</Edge>
</Border>
<Border Spatial="1" Point1="74" Point2="75">
<Edge>
<Length>5.46</Length>
</Edge>
</Border>
<Border Spatial="1" Point1="75" Point2="76">
<Edge>
<Length>15.67</Length>
</Edge>
</Border>
<Border Spatial="1" Point1="76" Point2="77">
<Edge>
<Length>12.3</Length>
</Edge>
</Border>
<Border Spatial="1" Point1="77" Point2="78">
<Edge>
<Length>16.89</Length>
</Edge>
</Border>
<Border Spatial="1" Point1="78" Point2="79">
<Edge>
<Length>33.35</Length>
</Edge>
</Border>
<Border Spatial="1" Point1="79" Point2="80">
<Edge>
<Length>7.36</Length>
</Edge>
</Border>
<Border Spatial="1" Point1="80" Point2="81">
<Edge>
<Length>20.15</Length>
</Edge>
</Border>
<Border Spatial="1" Point1="81" Point2="82">
<Edge>
<Length>9.96</Length>
</Edge>
</Border>
<Border Spatial="1" Point1="82" Point2="83">
<Edge>
<Length>13.43</Length>
</Edge>
</Border>
<Border Spatial="1" Point1="83" Point2="84">
<Edge>
<Length>20.2</Length>
</Edge>
</Border>
<Border Spatial="1" Point1="84" Point2="85">
<Edge>
<Length>37.38</Length>
</Edge>
</Border>
<Border Spatial="1" Point1="85" Point2="86">
<Edge>
<Length>43.62</Length>
</Edge>
</Border>
<Border Spatial="1" Point1="86" Point2="87">
<Edge>
<Length>21.79</Length>
</Edge>
</Border>
<Border Spatial="1" Point1="87" Point2="88">
<Edge>
<Length>14.16</Length>
</Edge>
</Border>
<Border Spatial="1" Point1="88" Point2="89">
<Edge>
<Length>17.87</Length>
</Edge>
</Border>
<Border Spatial="1" Point1="89" Point2="90">
<Edge>
<Length>12.12</Length>
</Edge>
</Border>
<Border Spatial="1" Point1="90" Point2="91">
<Edge>
<Length>7.52</Length>
</Edge>
</Border>
<Border Spatial="1" Point1="91" Point2="92">
<Edge>
<Length>8.98</Length>
</Edge>
</Border>
<Border Spatial="1" Point1="92" Point2="93">
<Edge>
<Length>8.12</Length>
</Edge>
</Border>
<Border Spatial="1" Point1="93" Point2="94">
<Edge>
<Length>14.22</Length>
</Edge>
</Border>
<Border Spatial="1" Point1="94" Point2="95">
<Edge>
<Length>5.95</Length>
</Edge>
</Border>
<Border Spatial="1" Point1="95" Point2="96">
<Edge>
<Length>5.8</Length>
</Edge>
</Border>
<Border Spatial="1" Point1="96" Point2="97">
<Edge>
<Length>3.7</Length>
</Edge>
</Border>
<Border Spatial="1" Point1="97" Point2="98">
<Edge>
<Length>4.17</Length>
</Edge>
</Border>
<Border Spatial="1" Point1="98" Point2="99">
<Edge>
<Length>6.67</Length>
</Edge>
</Border>
<Border Spatial="1" Point1="99" Point2="100">
<Edge>
<Length>2.73</Length>
</Edge>
</Border>
<Border Spatial="1" Point1="100" Point2="101">
<Edge>
<Length>5.07</Length>
</Edge>
</Border>
<Border Spatial="1" Point1="101" Point2="102">
<Edge>
<Length>20.45</Length>
</Edge>
</Border>
<Border Spatial="1" Point1="102" Point2="103">
<Edge>
<Length>11.52</Length>
</Edge>
</Border>
<Border Spatial="1" Point1="103" Point2="104">
<Edge>
<Length>2.76</Length>
</Edge>
</Border>
<Border Spatial="1" Point1="104" Point2="105">
<Edge>
<Length>2.13</Length>
</Edge>
</Border>
<Border Spatial="1" Point1="105" Point2="106">
<Edge>
<Length>3.31</Length>
</Edge>
</Border>
<Border Spatial="1" Point1="106" Point2="107">
<Edge>
<Length>14.22</Length>
</Edge>
</Border>
<Border Spatial="1" Point1="107" Point2="108">
<Edge>
<Length>4.42</Length>
</Edge>
</Border>
<Border Spatial="1" Point1="108" Point2="109">
<Edge>
<Length>9.25</Length>
</Edge>
</Border>
<Border Spatial="1" Point1="109" Point2="110">
<Edge>
<Length>1.15</Length>
</Edge>
</Border>
<Border Spatial="1" Point1="110" Point2="111">
<Edge>
<Length>3.47</Length>
</Edge>
</Border>
<Border Spatial="1" Point1="111" Point2="112">
<Edge>
<Length>4.61</Length>
</Edge>
</Border>
<Border Spatial="1" Point1="112" Point2="113">
<Edge>
<Length>5.81</Length>
</Edge>
</Border>
<Border Spatial="1" Point1="113" Point2="114">
<Edge>
<Length>46.37</Length>
</Edge>
</Border>
<Border Spatial="1" Point1="114" Point2="115">
<Edge>
<Length>19.27</Length>
</Edge>
</Border>
<Border Spatial="1" Point1="115" Point2="116">
<Edge>
<Length>16.87</Length>
</Edge>
</Border>
<Border Spatial="1" Point1="116" Point2="117">
<Edge>
<Length>7.42</Length>
</Edge>
</Border>
<Border Spatial="1" Point1="117" Point2="118">
<Edge>
<Length>8.17</Length>
</Edge>
</Border>
<Border Spatial="1" Point1="118" Point2="119">
<Edge>
<Length>10.08</Length>
</Edge>
</Border>
<Border Spatial="1" Point1="119" Point2="120">
<Edge>
<Length>8.87</Length>
</Edge>
</Border>
<Border Spatial="1" Point1="120" Point2="121">
<Edge>
<Length>32.16</Length>
</Edge>
</Border>
<Border Spatial="1" Point1="121" Point2="122">
<Edge>
<Length>36.44</Length>
</Edge>
</Border>
<Border Spatial="1" Point1="122" Point2="123">
<Edge>
<Length>6.71</Length>
</Edge>
</Border>
<Border Spatial="1" Point1="123" Point2="124">
<Edge>
<Length>3.49</Length>
</Edge>
</Border>
<Border Spatial="1" Point1="124" Point2="125">
<Edge>
<Length>3.51</Length>
</Edge>
</Border>
<Border Spatial="1" Point1="125" Point2="126">
<Edge>
<Length>2.81</Length>
</Edge>
</Border>
<Border Spatial="1" Point1="126" Point2="127">
<Edge>
<Length>5.89</Length>
</Edge>
</Border>
<Border Spatial="1" Point1="127" Point2="128">
<Edge>
<Length>4.5</Length>
</Edge>
</Border>
<Border Spatial="1" Point1="128" Point2="129">
<Edge>
<Length>46.8</Length>
</Edge>
</Border>
<Border Spatial="1" Point1="129" Point2="130">
<Edge>
<Length>12.59</Length>
</Edge>
</Border>
<Border Spatial="1" Point1="130" Point2="131">
<Edge>
<Length>7.59</Length>
</Edge>
</Border>
<Border Spatial="1" Point1="131" Point2="132">
<Edge>
<Length>18.73</Length>
</Edge>
</Border>
<Border Spatial="1" Point1="132" Point2="133">
<Edge>
<Length>57.63</Length>
</Edge>
</Border>
<Border Spatial="1" Point1="133" Point2="134">
<Edge>
<Length>77.35</Length>
</Edge>
</Border>
<Border Spatial="1" Point1="134" Point2="135">
<Edge>
<Length>202.37</Length>
</Edge>
</Border>
<Border Spatial="1" Point1="135" Point2="136">
<Edge>
<Length>58.77</Length>
</Edge>
</Border>
<Border Spatial="1" Point1="136" Point2="137">
<Edge>
<Length>2.53</Length>
</Edge>
</Border>
<Border Spatial="1" Point1="137" Point2="138">
<Edge>
<Length>58.33</Length>
</Edge>
</Border>
<Border Spatial="1" Point1="138" Point2="139">
<Edge>
<Length>208.76</Length>
</Edge>
</Border>
<Border Spatial="1" Point1="139" Point2="140">
<Edge>
<Length>34.23</Length>
</Edge>
</Border>
<Border Spatial="1" Point1="140" Point2="141">
<Edge>
<Length>62.92</Length>
</Edge>
</Border>
<Border Spatial="1" Point1="141" Point2="142">
<Edge>
<Length>23.53</Length>
</Edge>
</Border>
<Border Spatial="1" Point1="142" Point2="143">
<Edge>
<Length>11.04</Length>
</Edge>
</Border>
<Border Spatial="1" Point1="143" Point2="144">
<Edge>
<Length>3.35</Length>
</Edge>
</Border>
<Border Spatial="1" Point1="144" Point2="145">
<Edge>
<Length>98.58</Length>
</Edge>
</Border>
<Border Spatial="1" Point1="145" Point2="146">
<Edge>
<Length>11.5</Length>
</Edge>
</Border>
<Border Spatial="1" Point1="146" Point2="147">
<Edge>
<Length>26.82</Length>
</Edge>
</Border>
<Border Spatial="1" Point1="147" Point2="148">
<Edge>
<Length>16.66</Length>
</Edge>
</Border>
<Border Spatial="1" Point1="148" Point2="1">
<Edge>
<Length>20.31</Length>
</Edge>
</Border>
</Borders>
</EntitySpatial>
</NewContour>
<NewContour Definition="2">
<Area>
<Area>1530.69</Area>
<Unit>055</Unit>
<Inaccuracy>13.69</Inaccuracy>
</Area>
<EntitySpatial EntSys="l53AD58C7-DE12-4013-80BC-CE3D28A5E77Cl">
<SpatialElement>
<SpelementUnit TypeUnit="Точка">
<Ordinate X="318658.94" Y="2218192.99" NumGeopoint="148" DeltaGeopoint="0.1" PointPref="н"></Ordinate>
</SpelementUnit>
<SpelementUnit TypeUnit="Точка">
<Ordinate X="318639.62" Y="2218204.23" NumGeopoint="158" DeltaGeopoint="0.1"></Ordinate>
</SpelementUnit>
<SpelementUnit TypeUnit="Точка">
<Ordinate X="318635.23" Y="2218204.63" NumGeopoint="157" DeltaGeopoint="0.1" PointPref="н"></Ordinate>
</SpelementUnit>
<SpelementUnit TypeUnit="Точка">
<Ordinate X="318632.93" Y="2218216.58" NumGeopoint="156" DeltaGeopoint="0.1" PointPref="н"></Ordinate>
</SpelementUnit>
<SpelementUnit TypeUnit="Точка">
<Ordinate X="318637.44" Y="2218215.86" NumGeopoint="155" DeltaGeopoint="0.1"></Ordinate>
</SpelementUnit>
<SpelementUnit TypeUnit="Точка">
<Ordinate X="318668.41" Y="2218374.96" NumGeopoint="154" DeltaGeopoint="0.1"></Ordinate>
</SpelementUnit>
<SpelementUnit TypeUnit="Точка">
<Ordinate X="318664.74" Y="2218375.09" NumGeopoint="153" DeltaGeopoint="0.1" PointPref="н"></Ordinate>
</SpelementUnit>
<SpelementUnit TypeUnit="Точка">
<Ordinate X="318667.02" Y="2218383.37" NumGeopoint="152" DeltaGeopoint="0.1" PointPref="н"></Ordinate>
</SpelementUnit>
<SpelementUnit TypeUnit="Точка">
<Ordinate X="318678.5" Y="2218383.1" NumGeopoint="151" DeltaGeopoint="0.1" PointPref="н"></Ordinate>
</SpelementUnit>
<SpelementUnit TypeUnit="Точка">
<Ordinate X="318642.88" Y="2218206.58" NumGeopoint="150" DeltaGeopoint="0.1" PointPref="н"></Ordinate>
</SpelementUnit>
<SpelementUnit TypeUnit="Точка">
<Ordinate X="318657.63" Y="2218198.02" NumGeopoint="149" DeltaGeopoint="0.1" PointPref="н"></Ordinate>
</SpelementUnit>
<SpelementUnit TypeUnit="Точка">
<Ordinate X="318658.94" Y="2218192.99" NumGeopoint="148" DeltaGeopoint="0.1" PointPref="н"></Ordinate>
</SpelementUnit>
</SpatialElement>
<Borders>
<Border Spatial="1" Point1="1" Point2="2">
<Edge>
<Length>22.35</Length>
</Edge>
</Border>
<Border Spatial="1" Point1="2" Point2="3">
<Edge>
<Length>4.41</Length>
</Edge>
</Border>
<Border Spatial="1" Point1="3" Point2="4">
<Edge>
<Length>12.17</Length>
</Edge>
</Border>
<Border Spatial="1" Point1="4" Point2="5">
<Edge>
<Length>4.57</Length>
</Edge>
</Border>
<Border Spatial="1" Point1="5" Point2="6">
<Edge>
<Length>162.09</Length>
</Edge>
</Border>
<Border Spatial="1" Point1="6" Point2="7">
<Edge>
<Length>3.67</Length>
</Edge>
</Border>
<Border Spatial="1" Point1="7" Point2="8">
<Edge>
<Length>8.59</Length>
</Edge>
</Border>
<Border Spatial="1" Point1="8" Point2="9">
<Edge>
<Length>11.48</Length>
</Edge>
</Border>
<Border Spatial="1" Point1="9" Point2="10">
<Edge>
<Length>180.08</Length>
</Edge>
</Border>
<Border Spatial="1" Point1="10" Point2="11">
<Edge>
<Length>17.05</Length>
</Edge>
</Border>
<Border Spatial="1" Point1="11" Point2="12">
<Edge>
<Length>5.2</Length>
</Edge>
</Border>
<Border Spatial="1" Point1="12" Point2="1">
<Edge>
<Length>22.35</Length>
</Edge>
</Border>
</Borders>
</EntitySpatial>
</NewContour>
<NewContour Definition="3">
<Area>
<Area>216.62</Area>
<Unit>055</Unit>
<Inaccuracy>5.15</Inaccuracy>
</Area>
<EntitySpatial EntSys="l53AD58C7-DE12-4013-80BC-CE3D28A5E77Cl">
<SpatialElement>
<SpelementUnit TypeUnit="Точка">
<Ordinate X="318724.08" Y="2218556.16" NumGeopoint="159" DeltaGeopoint="0.1" PointPref="н"></Ordinate>
</SpelementUnit>
<SpelementUnit TypeUnit="Точка">
<Ordinate X="318718.7" Y="2218557.38" NumGeopoint="167" DeltaGeopoint="0.1" PointPref="н"></Ordinate>
</SpelementUnit>
<SpelementUnit TypeUnit="Точка">
<Ordinate X="318704.5" Y="2218571.25" NumGeopoint="166" DeltaGeopoint="0.1" PointPref="н"></Ordinate>
</SpelementUnit>
<SpelementUnit TypeUnit="Точка">
<Ordinate X="318705.23" Y="2218575.74" NumGeopoint="165" DeltaGeopoint="0.1" PointPref="н"></Ordinate>
</SpelementUnit>
<SpelementUnit TypeUnit="Точка">
<Ordinate X="318717.79" Y="2218572.82" NumGeopoint="164" DeltaGeopoint="0.1" PointPref="н"></Ordinate>
</SpelementUnit>
<SpelementUnit TypeUnit="Точка">
<Ordinate X="318721.73" Y="2218570.04" NumGeopoint="163" DeltaGeopoint="0.1" PointPref="н"></Ordinate>
</SpelementUnit>
<SpelementUnit TypeUnit="Точка">
<Ordinate X="318723.8" Y="2218567.16" NumGeopoint="162" DeltaGeopoint="0.1" PointPref="н"></Ordinate>
</SpelementUnit>
<SpelementUnit TypeUnit="Точка">
<Ordinate X="318725.06" Y="2218563.8" NumGeopoint="161" DeltaGeopoint="0.1" PointPref="н"></Ordinate>
</SpelementUnit>
<SpelementUnit TypeUnit="Точка">
<Ordinate X="318724.91" Y="2218559.47" NumGeopoint="160" DeltaGeopoint="0.1" PointPref="н"></Ordinate>
</SpelementUnit>
<SpelementUnit TypeUnit="Точка">
<Ordinate X="318724.08" Y="2218556.16" NumGeopoint="159" DeltaGeopoint="0.1" PointPref="н"></Ordinate>
</SpelementUnit>
</SpatialElement>
<Borders>
<Border Spatial="1" Point1="1" Point2="2">
<Edge>
<Length>5.52</Length>
</Edge>
</Border>
<Border Spatial="1" Point1="2" Point2="3">
<Edge>
<Length>19.85</Length>
</Edge>
</Border>
<Border Spatial="1" Point1="3" Point2="4">
<Edge>
<Length>4.55</Length>
</Edge>
</Border>
<Border Spatial="1" Point1="4" Point2="5">
<Edge>
<Length>12.89</Length>
</Edge>
</Border>
<Border Spatial="1" Point1="5" Point2="6">
<Edge>
<Length>4.82</Length>
</Edge>
</Border>
<Border Spatial="1" Point1="6" Point2="7">
<Edge>
<Length>3.55</Length>
</Edge>
</Border>
<Border Spatial="1" Point1="7" Point2="8">
<Edge>
<Length>3.59</Length>
</Edge>
</Border>
<Border Spatial="1" Point1="8" Point2="9">
<Edge>
<Length>4.33</Length>
</Edge>
</Border>
<Border Spatial="1" Point1="9" Point2="10">
<Edge>
<Length>3.41</Length>
</Edge>
</Border>
<Border Spatial="1" Point1="10" Point2="1">
<Edge>
<Length>5.52</Length>
</Edge>
</Border>
</Borders>
</EntitySpatial>
</NewContour>
<NewContour Definition="4">
<Area>
<Area>6570.69</Area>
<Unit>055</Unit>
<Inaccuracy>28.37</Inaccuracy>
</Area>
<EntitySpatial EntSys="l53AD58C7-DE12-4013-80BC-CE3D28A5E77Cl">
<SpatialElement>
<SpelementUnit TypeUnit="Точка">
<Ordinate X="318629.64" Y="2218742.85" NumGeopoint="168" DeltaGeopoint="0.1" PointPref="н"></Ordinate>
</SpelementUnit>
<SpelementUnit TypeUnit="Точка">
<Ordinate X="318628.84" Y="2218737.7" NumGeopoint="203" DeltaGeopoint="0.1" PointPref="н"></Ordinate>
</SpelementUnit>
<SpelementUnit TypeUnit="Точка">
<Ordinate X="318612.41" Y="2218739.96" NumGeopoint="202" DeltaGeopoint="0.1" PointPref="н"></Ordinate>
</SpelementUnit>
<SpelementUnit TypeUnit="Точка">
<Ordinate X="318611.06" Y="2218746.48" NumGeopoint="201" DeltaGeopoint="0.1"></Ordinate>
</SpelementUnit>
<SpelementUnit TypeUnit="Точка">
<Ordinate X="318616.09" Y="2218778.16" NumGeopoint="200" DeltaGeopoint="0.1" PointPref="н"></Ordinate>
</SpelementUnit>
<SpelementUnit TypeUnit="Точка">
<Ordinate X="318626.19" Y="2218824.82" NumGeopoint="199" DeltaGeopoint="0.1" PointPref="н"></Ordinate>
</SpelementUnit>
<SpelementUnit TypeUnit="Точка">
<Ordinate X="318627.81" Y="2218836.34" NumGeopoint="198" DeltaGeopoint="0.1" PointPref="н"></Ordinate>
</SpelementUnit>
<SpelementUnit TypeUnit="Точка">
<Ordinate X="318632.6" Y="2218882.19" NumGeopoint="197" DeltaGeopoint="0.1" PointPref="н"></Ordinate>
</SpelementUnit>
<SpelementUnit TypeUnit="Точка">
<Ordinate X="318642.4" Y="2218944.08" NumGeopoint="196" DeltaGeopoint="0.1"></Ordinate>
</SpelementUnit>
<SpelementUnit TypeUnit="Точка">
<Ordinate X="318624.09" Y="2218963.12" NumGeopoint="195" DeltaGeopoint="0.1" PointPref="н"></Ordinate>
</SpelementUnit>
<SpelementUnit TypeUnit="Точка">
<Ordinate X="318606.66" Y="2218995.63" NumGeopoint="194" DeltaGeopoint="0.1" PointPref="н"></Ordinate>
</SpelementUnit>
<SpelementUnit TypeUnit="Точка">
<Ordinate X="318598.58" Y="2219004.56" NumGeopoint="193" DeltaGeopoint="0.1" PointPref="н"></Ordinate>
</SpelementUnit>
<SpelementUnit TypeUnit="Точка">
<Ordinate X="318590.62" Y="2219010.54" NumGeopoint="192" DeltaGeopoint="0.1" PointPref="н"></Ordinate>
</SpelementUnit>
<SpelementUnit TypeUnit="Точка">
<Ordinate X="318581.02" Y="2219014.97" NumGeopoint="191" DeltaGeopoint="0.1" PointPref="н"></Ordinate>
</SpelementUnit>
<SpelementUnit TypeUnit="Точка">
<Ordinate X="318570.82" Y="2219018.49" NumGeopoint="190" DeltaGeopoint="0.1" PointPref="н"></Ordinate>
</SpelementUnit>
<SpelementUnit TypeUnit="Точка">
<Ordinate X="318563.22" Y="2219026.38" NumGeopoint="189" DeltaGeopoint="0.1"></Ordinate>
</SpelementUnit>
<SpelementUnit TypeUnit="Точка">
<Ordinate X="318487.95" Y="2219048.02" NumGeopoint="188" DeltaGeopoint="0.1" PointPref="н"></Ordinate>
</SpelementUnit>
<SpelementUnit TypeUnit="Точка">
<Ordinate X="318447.84" Y="2219059.54" NumGeopoint="187" DeltaGeopoint="0.1"></Ordinate>
</SpelementUnit>
<SpelementUnit TypeUnit="Точка">
<Ordinate X="318402.61" Y="2219075.92" NumGeopoint="186" DeltaGeopoint="0.1" PointPref="н"></Ordinate>
</SpelementUnit>
<SpelementUnit TypeUnit="Точка">
<Ordinate X="318394.41" Y="2219079.52" NumGeopoint="185" DeltaGeopoint="0.1" PointPref="н"></Ordinate>
</SpelementUnit>
<SpelementUnit TypeUnit="Точка">
<Ordinate X="318409.92" Y="2219094.49" NumGeopoint="184" DeltaGeopoint="0.1" PointPref="н"></Ordinate>
</SpelementUnit>
<SpelementUnit TypeUnit="Точка">
<Ordinate X="318464.25" Y="2219076.25" NumGeopoint="183" DeltaGeopoint="0.1" PointPref="н"></Ordinate>
</SpelementUnit>
<SpelementUnit TypeUnit="Точка">
<Ordinate X="318492.06" Y="2219067.86" NumGeopoint="182" DeltaGeopoint="0.1" PointPref="н"></Ordinate>
</SpelementUnit>
<SpelementUnit TypeUnit="Точка">
<Ordinate X="318502.17" Y="2219064.16" NumGeopoint="181" DeltaGeopoint="0.1" PointPref="н"></Ordinate>
</SpelementUnit>
<SpelementUnit TypeUnit="Точка">
<Ordinate X="318536.05" Y="2219050.2" NumGeopoint="180" DeltaGeopoint="0.1" PointPref="н"></Ordinate>
</SpelementUnit>
<SpelementUnit TypeUnit="Точка">
<Ordinate X="318577.51" Y="2219037.35" NumGeopoint="179" DeltaGeopoint="0.1" PointPref="н"></Ordinate>
</SpelementUnit>
<SpelementUnit TypeUnit="Точка">
<Ordinate X="318594.03" Y="2219031.36" NumGeopoint="178" DeltaGeopoint="0.1" PointPref="н"></Ordinate>
</SpelementUnit>
<SpelementUnit TypeUnit="Точка">
<Ordinate X="318602.9" Y="2219026.45" NumGeopoint="177" DeltaGeopoint="0.1" PointPref="н"></Ordinate>
</SpelementUnit>
<SpelementUnit TypeUnit="Точка">
<Ordinate X="318611.9" Y="2219019.48" NumGeopoint="176" DeltaGeopoint="0.1" PointPref="н"></Ordinate>
</SpelementUnit>
<SpelementUnit TypeUnit="Точка">
<Ordinate X="318619.66" Y="2219011.45" NumGeopoint="175" DeltaGeopoint="0.1" PointPref="н"></Ordinate>
</SpelementUnit>
<SpelementUnit TypeUnit="Точка">
<Ordinate X="318627.7" Y="2218999.88" NumGeopoint="174" DeltaGeopoint="0.1" PointPref="н"></Ordinate>
</SpelementUnit>
<SpelementUnit TypeUnit="Точка">
<Ordinate X="318645.46" Y="2218964.38" NumGeopoint="173" DeltaGeopoint="0.1" PointPref="н"></Ordinate>
</SpelementUnit>
<SpelementUnit TypeUnit="Точка">
<Ordinate X="318650.67" Y="2218950.37" NumGeopoint="172" DeltaGeopoint="0.1" PointPref="н"></Ordinate>
</SpelementUnit>
<SpelementUnit TypeUnit="Точка">
<Ordinate X="318653.05" Y="2218936.52" NumGeopoint="171" DeltaGeopoint="0.1" PointPref="н"></Ordinate>
</SpelementUnit>
<SpelementUnit TypeUnit="Точка">
<Ordinate X="318646.39" Y="2218942.9" NumGeopoint="170" DeltaGeopoint="0.1"></Ordinate>
</SpelementUnit>
<SpelementUnit TypeUnit="Точка">
<Ordinate X="318617.1" Y="2218744.44" NumGeopoint="169" DeltaGeopoint="0.1"></Ordinate>
</SpelementUnit>
<SpelementUnit TypeUnit="Точка">
<Ordinate X="318629.64" Y="2218742.85" NumGeopoint="168" DeltaGeopoint="0.1" PointPref="н"></Ordinate>
</SpelementUnit>
</SpatialElement>
<Borders>
<Border Spatial="1" Point1="1" Point2="2">
<Edge>
<Length>5.21</Length>
</Edge>
</Border>
<Border Spatial="1" Point1="2" Point2="3">
<Edge>
<Length>16.58</Length>
</Edge>
</Border>
<Border Spatial="1" Point1="3" Point2="4">
<Edge>
<Length>6.66</Length>
</Edge>
</Border>
<Border Spatial="1" Point1="4" Point2="5">
<Edge>
<Length>32.08</Length>
</Edge>
</Border>
<Border Spatial="1" Point1="5" Point2="6">
<Edge>
<Length>47.74</Length>
</Edge>
</Border>
<Border Spatial="1" Point1="6" Point2="7">
<Edge>
<Length>11.63</Length>
</Edge>
</Border>
<Border Spatial="1" Point1="7" Point2="8">
<Edge>
<Length>46.1</Length>
</Edge>
</Border>
<Border Spatial="1" Point1="8" Point2="9">
<Edge>
<Length>62.66</Length>
</Edge>
</Border>
<Border Spatial="1" Point1="9" Point2="10">
<Edge>
<Length>26.42</Length>
</Edge>
</Border>
<Border Spatial="1" Point1="10" Point2="11">
<Edge>
<Length>36.89</Length>
</Edge>
</Border>
<Border Spatial="1" Point1="11" Point2="12">
<Edge>
<Length>12.04</Length>
</Edge>
</Border>
<Border Spatial="1" Point1="12" Point2="13">
<Edge>
<Length>9.96</Length>
</Edge>
</Border>
<Border Spatial="1" Point1="13" Point2="14">
<Edge>
<Length>10.57</Length>
</Edge>
</Border>
<Border Spatial="1" Point1="14" Point2="15">
<Edge>
<Length>10.79</Length>
</Edge>
</Border>
<Border Spatial="1" Point1="15" Point2="16">
<Edge>
<Length>10.96</Length>
</Edge>
</Border>
<Border Spatial="1" Point1="16" Point2="17">
<Edge>
<Length>78.32</Length>
</Edge>
</Border>
<Border Spatial="1" Point1="17" Point2="18">
<Edge>
<Length>41.73</Length>
</Edge>
</Border>
<Border Spatial="1" Point1="18" Point2="19">
<Edge>
<Length>48.1</Length>
</Edge>
</Border>
<Border Spatial="1" Point1="19" Point2="20">
<Edge>
<Length>8.96</Length>
</Edge>
</Border>
<Border Spatial="1" Point1="20" Point2="21">
<Edge>
<Length>21.56</Length>
</Edge>
</Border>
<Border Spatial="1" Point1="21" Point2="22">
<Edge>
<Length>57.31</Length>
</Edge>
</Border>
<Border Spatial="1" Point1="22" Point2="23">
<Edge>
<Length>29.05</Length>
</Edge>
</Border>
<Border Spatial="1" Point1="23" Point2="24">
<Edge>
<Length>10.77</Length>
</Edge>
</Border>
<Border Spatial="1" Point1="24" Point2="25">
<Edge>
<Length>36.64</Length>
</Edge>
</Border>
<Border Spatial="1" Point1="25" Point2="26">
<Edge>
<Length>43.41</Length>
</Edge>
</Border>
<Border Spatial="1" Point1="26" Point2="27">
<Edge>
<Length>17.57</Length>
</Edge>
</Border>
<Border Spatial="1" Point1="27" Point2="28">
<Edge>
<Length>10.14</Length>
</Edge>
</Border>
<Border Spatial="1" Point1="28" Point2="29">
<Edge>
<Length>11.38</Length>
</Edge>
</Border>
<Border Spatial="1" Point1="29" Point2="30">
<Edge>
<Length>11.17</Length>
</Edge>
</Border>
<Border Spatial="1" Point1="30" Point2="31">
<Edge>
<Length>14.09</Length>
</Edge>
</Border>
<Border Spatial="1" Point1="31" Point2="32">
<Edge>
<Length>39.69</Length>
</Edge>
</Border>
<Border Spatial="1" Point1="32" Point2="33">
<Edge>
<Length>14.95</Length>
</Edge>
</Border>
<Border Spatial="1" Point1="33" Point2="34">
<Edge>
<Length>14.05</Length>
</Edge>
</Border>
<Border Spatial="1" Point1="34" Point2="35">
<Edge>
<Length>9.22</Length>
</Edge>
</Border>
<Border Spatial="1" Point1="35" Point2="36">
<Edge>
<Length>200.61</Length>
</Edge>
</Border>
<Border Spatial="1" Point1="36" Point2="37">
<Edge>
<Length>12.64</Length>
</Edge>
</Border>
<Border Spatial="1" Point1="37" Point2="1">
<Edge>
<Length>5.21</Length>
</Edge>
</Border>
</Borders>
</EntitySpatial>
</NewContour>
<NewContour Definition="5">
<Area>
<Area>702.56</Area>
<Unit>055</Unit>
<Inaccuracy>9.28</Inaccuracy>
</Area>
<EntitySpatial EntSys="l53AD58C7-DE12-4013-80BC-CE3D28A5E77Cl">
<SpatialElement>
<SpelementUnit TypeUnit="Точка">
<Ordinate X="318373.34" Y="2219111.49" NumGeopoint="204" DeltaGeopoint="0.1" PointPref="н"></Ordinate>
</SpelementUnit>
<SpelementUnit TypeUnit="Точка">
<Ordinate X="318345.08" Y="2219115.79" NumGeopoint="212" DeltaGeopoint="0.1"></Ordinate>
</SpelementUnit>
<SpelementUnit TypeUnit="Точка">
<Ordinate X="318350.06" Y="2219097.67" NumGeopoint="211" DeltaGeopoint="0.1" PointPref="н"></Ordinate>
</SpelementUnit>
<SpelementUnit TypeUnit="Точка">
<Ordinate X="318335.88" Y="2219100.86" NumGeopoint="210" DeltaGeopoint="0.1" PointPref="н"></Ordinate>
</SpelementUnit>
<SpelementUnit TypeUnit="Точка">
<Ordinate X="318320.77" Y="2219103.44" NumGeopoint="209" DeltaGeopoint="0.1" PointPref="н"></Ordinate>
</SpelementUnit>
<SpelementUnit TypeUnit="Точка">
<Ordinate X="318304.64" Y="2219103.41" NumGeopoint="208" DeltaGeopoint="0.1" PointPref="н"></Ordinate>
</SpelementUnit>
<SpelementUnit TypeUnit="Точка">
<Ordinate X="318301.07" Y="2219115.79" NumGeopoint="207" DeltaGeopoint="0.1"></Ordinate>
</SpelementUnit>
<SpelementUnit TypeUnit="Точка">
<Ordinate X="318344.24" Y="2219117.77" NumGeopoint="206" DeltaGeopoint="0.1"></Ordinate>
</SpelementUnit>
<SpelementUnit TypeUnit="Точка">
<Ordinate X="318361.93" Y="2219115.05" NumGeopoint="205" DeltaGeopoint="0.1" PointPref="н"></Ordinate>
</SpelementUnit>
<SpelementUnit TypeUnit="Точка">
<Ordinate X="318373.34" Y="2219111.49" NumGeopoint="204" DeltaGeopoint="0.1" PointPref="н"></Ordinate>
</SpelementUnit>
</SpatialElement>
<Borders>
<Border Spatial="1" Point1="1" Point2="2">
<Edge>
<Length>28.59</Length>
</Edge>
</Border>
<Border Spatial="1" Point1="2" Point2="3">
<Edge>
<Length>18.79</Length>
</Edge>
</Border>
<Border Spatial="1" Point1="3" Point2="4">
<Edge>
<Length>14.53</Length>
</Edge>
</Border>
<Border Spatial="1" Point1="4" Point2="5">
<Edge>
<Length>15.33</Length>
</Edge>
</Border>
<Border Spatial="1" Point1="5" Point2="6">
<Edge>
<Length>16.13</Length>
</Edge>
</Border>
<Border Spatial="1" Point1="6" Point2="7">
<Edge>
<Length>12.88</Length>
</Edge>
</Border>
<Border Spatial="1" Point1="7" Point2="8">
<Edge>
<Length>43.22</Length>
</Edge>
</Border>
<Border Spatial="1" Point1="8" Point2="9">
<Edge>
<Length>17.9</Length>
</Edge>
</Border>
<Border Spatial="1" Point1="9" Point2="10">
<Edge>
<Length>11.95</Length>
</Edge>
</Border>
<Border Spatial="1" Point1="10" Point2="1">
<Edge>
<Length>28.59</Length>
</Edge>
</Border>
</Borders>
</EntitySpatial>
</NewContour>
<NewContour Definition="6">
<Area>
<Area>543.95</Area>
<Unit>055</Unit>
<Inaccuracy>8.16</Inaccuracy>
</Area>
<EntitySpatial EntSys="l53AD58C7-DE12-4013-80BC-CE3D28A5E77Cl">
<SpatialElement>
<SpelementUnit TypeUnit="Точка">
<Ordinate X="318258.12" Y="2219100.38" NumGeopoint="213" DeltaGeopoint="0.1" PointPref="н"></Ordinate>
</SpelementUnit>
<SpelementUnit TypeUnit="Точка">
<Ordinate X="318242.37" Y="2219098.15" NumGeopoint="221" DeltaGeopoint="0.1" PointPref="н"></Ordinate>
</SpelementUnit>
<SpelementUnit TypeUnit="Точка">
<Ordinate X="318221.86" Y="2219092.73" NumGeopoint="220" DeltaGeopoint="0.1" PointPref="н"></Ordinate>
</SpelementUnit>
<SpelementUnit TypeUnit="Точка">
<Ordinate X="318199.5" Y="2219088.75" NumGeopoint="219" DeltaGeopoint="0.1" PointPref="н"></Ordinate>
</SpelementUnit>
<SpelementUnit TypeUnit="Точка">
<Ordinate X="318195.85" Y="2219088.61" NumGeopoint="218" DeltaGeopoint="0.1" PointPref="н"></Ordinate>
</SpelementUnit>
<SpelementUnit TypeUnit="Точка">
<Ordinate X="318187.28" Y="2219089.83" NumGeopoint="217" DeltaGeopoint="0.1" PointPref="н"></Ordinate>
</SpelementUnit>
<SpelementUnit TypeUnit="Точка">
<Ordinate X="318181.6" Y="2219092.54" NumGeopoint="216" DeltaGeopoint="0.1" PointPref="н"></Ordinate>
</SpelementUnit>
<SpelementUnit TypeUnit="Точка">
<Ordinate X="318180.64" Y="2219093.39" NumGeopoint="215" DeltaGeopoint="0.1" PointPref="н"></Ordinate>
</SpelementUnit>
<SpelementUnit TypeUnit="Точка">
<Ordinate X="318256.62" Y="2219107.54" NumGeopoint="214" DeltaGeopoint="0.1"></Ordinate>
</SpelementUnit>
<SpelementUnit TypeUnit="Точка">
<Ordinate X="318258.12" Y="2219100.38" NumGeopoint="213" DeltaGeopoint="0.1" PointPref="н"></Ordinate>
</SpelementUnit>
</SpatialElement>
<Borders>
<Border Spatial="1" Point1="1" Point2="2">
<Edge>
<Length>15.91</Length>
</Edge>
</Border>
<Border Spatial="1" Point1="2" Point2="3">
<Edge>
<Length>21.21</Length>
</Edge>
</Border>
<Border Spatial="1" Point1="3" Point2="4">
<Edge>
<Length>22.71</Length>
</Edge>
</Border>
<Border Spatial="1" Point1="4" Point2="5">
<Edge>
<Length>3.65</Length>
</Edge>
</Border>
<Border Spatial="1" Point1="5" Point2="6">
<Edge>
<Length>8.66</Length>
</Edge>
</Border>
<Border Spatial="1" Point1="6" Point2="7">
<Edge>
<Length>6.29</Length>
</Edge>
</Border>
<Border Spatial="1" Point1="7" Point2="8">
<Edge>
<Length>1.28</Length>
</Edge>
</Border>
<Border Spatial="1" Point1="8" Point2="9">
<Edge>
<Length>77.29</Length>
</Edge>
</Border>
<Border Spatial="1" Point1="9" Point2="10">
<Edge>
<Length>7.32</Length>
</Edge>
</Border>
<Border Spatial="1" Point1="10" Point2="1">
<Edge>
<Length>15.91</Length>
</Edge>
</Border>
</Borders>
</EntitySpatial>
</NewContour>
</Contours>
</NewParcel>
</FormParcels>
</Package>
<GeneralCadastralWorks DateCadastral="2018-03-14">
<Contractor>
<FamilyName>Наумова</FamilyName>
<FirstName>Ольга</FirstName>
<Patronymic>Александровна</Patronymic>
<NCertificate>36-11-185</NCertificate>
<Telephone>8-951-540-72-04, 8(473)255-53-72</Telephone>
<Address>394055, г. Воронеж, ул. Домостроителей, д.51, кв.58</Address>
<Email>naumovao.2011@mail.ru</Email>
<Organization>
<Name>ООО НПП «Компьютерные технологии»</Name>
<AddressOrganization>394000, г.Воронеж, ул.Ф.Энгельса, д.5</AddressOrganization>
</Organization>
</Contractor>
<Reason>образованием земельного участка из земель, находящихся в государственной или муниципальной собственности расположенного по адресу:Тверская область, Торжокский район, Большесвятцовское с/п, автодорога "Митино - Житково"</Reason>
<Clients>
<Client>
<Governance>
<Name>Государственное казенное учреждение Тверской области «Дирекция территориального дорожного фонда Тверской области»</Name>
<INN>6905009018</INN>
<OGRN>1026900546925</OGRN>
</Governance>
</Client>
</Clients>
</GeneralCadastralWorks>
<CoordSystems>
<CoordSystem Name="МСК-69" CsId="l53AD58C7-DE12-4013-80BC-CE3D28A5E77Cl"></CoordSystem>
</CoordSystems>
<InputData>
<Documents>
<Document>
<CodeDocument>558217000000</CodeDocument>
<Name>Кадастровый план территории</Name>
<Number>99/2017/31874972</Number>
<Date>2017-10-19</Date>
</Document>
<Document>
<CodeDocument>558299000000</CodeDocument>
<Name>Постановление Администрации Торжокского района Тверской области</Name>
<Number>96</Number>
<Date>2018-02-16</Date>
<AppliedFile Kind="01" Name="App\Постановление №96 от 16.02.2018г.pdf"></AppliedFile>
</Document>
<Document>
<CodeDocument>558256000000</CodeDocument>
<Name>Выписка из каталога геодезических пунктов на Тверскую область</Name>
<Number>б/н</Number>
<Date>2018-02-28</Date>
<AppliedFile Kind="01" Name="App\Выписка из каталога геодезических пунктов на Тверскую область.pdf"></AppliedFile>
</Document>
</Documents>
<GeodesicBases>
<GeodesicBase>
<PName>1313 Владенино</PName>
<PKind>пирамида</PKind>
<PKlass>2 класс</PKlass>
<OrdX>319215.36</OrdX>
<OrdY>2222474.13</OrdY>
</GeodesicBase>
<GeodesicBase>
<PName>1300  Колодези</PName>
<PKind>пирамида</PKind>
<PKlass>3 класс</PKlass>
<OrdX>315734.2</OrdX>
<OrdY>2224862.19</OrdY>
</GeodesicBase>
<GeodesicBase>
<PName>1285 Торжок</PName>
<PKind>наружный знак утрачен</PKind>
<PKlass>2 класс</PKlass>
<OrdX>311784.21</OrdX>
<OrdY>2215334.98</OrdY>
</GeodesicBase>
</GeodesicBases>
<MeansSurvey>
<MeanSurvey>
<Name>GNSS - приёмник спутниковый геодезический двухчастотный Trimble R8 GNSS</Name>
<Registration>
<Number>33967-07</Number>
<Duration>до 17.01.2018г.</Duration>
</Registration>
<CertificateVerification>№012343 от 18.01.2017г.</CertificateVerification>
</MeanSurvey>
<MeanSurvey>
<Name>Аппаратура геодезическая потребителей спутниковых навигационных систем ГЛОНАСС и GPS Trimble R7GNSS</Name>
<Registration>
<Number>37145-08</Number>
<Duration>до 17.01.2018г.</Duration>
</Registration>
<CertificateVerification>№012342 от 18.01.2017г.</CertificateVerification>
</MeanSurvey>
</MeansSurvey>
</InputData>
<Survey>
<GeopointsOpred>
<GeopointOpred>
<CadastralNumberDefinition>69:33:0000013:ЗУ1</CadastralNumberDefinition>
<Methods>
<GeopointOpred>692005000000</GeopointOpred>
</Methods>
</GeopointOpred>
</GeopointsOpred>
<TochnGeopointsParcels>
<TochnGeopointsParcel>
<CadastralNumberDefinition>69:33:0000013:ЗУ1</CadastralNumberDefinition>
<Formula>Mt = √(m₀² + m₁²)=0.1</Formula>
</TochnGeopointsParcel>
</TochnGeopointsParcels>
<TochnAreaParcels>
<TochnAreaParcel>
<CadastralNumberDefinition>69:33:0000013:ЗУ1</CadastralNumberDefinition>
<Formula>∆Р=3.5mt√p=3.5-0.1√44730=74</Formula>
<Area>
<Area>44730</Area>
<Unit>055</Unit>
</Area>
</TochnAreaParcel>
<TochnAreaParcel>
<CadastralNumberDefinition>69:33:0000013:ЗУ1(1)</CadastralNumberDefinition>
<Formula>∆Р=3.5mt√p=3.5*0.1*√35165.66=65.63</Formula>
<Area>
<Area>35166</Area>
<Unit>055</Unit>
</Area>
</TochnAreaParcel>
<TochnAreaParcel>
<CadastralNumberDefinition>69:33:0000013:ЗУ1(2)</CadastralNumberDefinition>
<Formula>∆Р=3.5mt√p=3.5*0.1*√1530.69=13.69</Formula>
<Area>
<Area>1531</Area>
<Unit>055</Unit>
</Area>
</TochnAreaParcel>
<TochnAreaParcel>
<CadastralNumberDefinition>69:33:0000013:ЗУ1(3)</CadastralNumberDefinition>
<Formula>∆Р=3.5mt√p=3.5*0.1*√216.62=5.15</Formula>
<Area>
<Area>217</Area>
<Unit>055</Unit>
</Area>
</TochnAreaParcel>
<TochnAreaParcel>
<CadastralNumberDefinition>69:33:0000013:ЗУ1(4)</CadastralNumberDefinition>
<Formula>∆Р=3.5mt√p=3.5*0.1*√6570.69=28.37</Formula>
<Area>
<Area>6571</Area>
<Unit>055</Unit>
</Area>
</TochnAreaParcel>
<TochnAreaParcel>
<CadastralNumberDefinition>69:33:0000013:ЗУ1(5)</CadastralNumberDefinition>
<Formula>∆Р=3.5mt√p=3.5*0.1*√702.56=9.28</Formula>
<Area>
<Area>703</Area>
<Unit>055</Unit>
</Area>
</TochnAreaParcel>
<TochnAreaParcel>
<CadastralNumberDefinition>69:33:0000013:ЗУ1(6)</CadastralNumberDefinition>
<Formula>∆Р=3.5mt√p=3.5*0.1*√543.95=8.16</Formula>
<Area>
<Area>544</Area>
<Unit>055</Unit>
</Area>
</TochnAreaParcel>
</TochnAreaParcels>
</Survey>
<Conclusion>Представленный межевой план подготовлен в связи с образованием земельного участка из земель государственной собственности, права на которые не разграничены и при образовании земельного участка, права и интересы правообладателей смежных земельных участков затронуты не были. Следовательно, согласно действующему законодательству, согласование границ образуемого земельного участка не требуется, и поэтому в межевом плане отсутствует раздел «Акт согласования границ земельных участков». Земельный участок полосы отвода автодороги "Митино - Житково" на территории Большесвятцовского сельского поселения, на момент проведения кадастровых работ в единый государственный реестр недвижимости внесен не был. В соответствии с п.п.5 части 3 ст.11.3 ЗК РФ и Письма Министерства экономического развития Российской Федерации №10-2348-КЛ от 21 июля 2015 года образование земельных участков из земель или земельных участков, находящихся в государственной или муниципальной собственности, под уже созданными (существующими) линейными объектами местного, регионального или федерального значения, может осуществляться в соответствии с утвержденной схемой расположения земельного участка или земельных участков на кадастровом плане территории, которая предусмотрена ст.11.10 Земельного кодекса Российской Федерации. Факт существования автомобильной дороги подтверждается Выпиской из Единого государственного реестра автомобильных дорог №2010-12890 от 29.11.2010 г. приведенной в Приложении межевого плана.  Граница образуемого земельного участка утверждена постановлением от 16.02.2018 г. №96, утвержденным надлежащим образом и приведенным в Приложении к настоящему межевому плану.
  В соответствии с абзацем 2 п. 38 Приказа № 921 от 08.12.2015 г. «Об утверждении формы и состава сведений межевого плана, требований к его подготовке» в случаях применения при осуществлении кадастровых работ для определения координат характерных точек границ земельных участков (частей земельных участков) метода спутниковых геодезических измерений с использованием программного обеспечения в формуле, примененной для расчета средней квадратической погрешности положения характерных точек границ земельных участков (частей земельных участков (Mt), может быть указано только значение средней квадратической погрешности. В данном межевом плане применен метод спутниковых геодезических измерений. Геодезические работы проводились в ноябре 2017 года в рамках Государственного контракта №5-ГК-2017 от 16.10.2017 г. Сведения о геодезической основе кадастра, использованной при подготовке межевого плана (МСК-69, состояние на 01 ноября 2017г). 1. 1313 Владенино (пирамида. 2 кл.) Х 319215.36; Y 2222474.13, наружный знак - сохранился, центр знака – сохранился, марка – сохранилась. 2. 1300 Колодези (пирамида, 3 кл.) Х 315734.20; Y 2224862.19, наружный знак - сохранился, центр знака – сохранился, марка – сохранилась. 3. 1285 Торжок (наружный знак утрачен, 2 кл.) Х 311784.21; Y 2215334.98, наружный знак - утрачен, центр знака – сохранился, марка – сохранилась.
Межевой план подготовил кадастровый инженер Наумова Ольга Александровна, являющийся членом Ассоциация СРО «ОПКД» (уникальный реестровый номер кадастрового инженера в реестре членов СРО КИ N 0201). Сведения о СРО "ОПКД» содержатся в государственном реестре СРО КИ (уникальный номер реестровой записи от "08" июля 2016 г. N 003).</Conclusion>
<SchemeGeodesicPlotting Kind="01" Name="App\гп.pdf"></SchemeGeodesicPlotting>
<SchemeDisposition Kind="01" Name="App\Схема расположения.pdf"></SchemeDisposition>
<DiagramParcelsSubParcels Kind="01" Name="App\чертеж.pdf"></DiagramParcelsSubParcels>
<Appendix>
<AppliedFiles>
<NumberAppendix>1</NumberAppendix>
<NameAppendix>Выписки из ЕГРАД</NameAppendix>
<AppliedFile Kind="01" Name="App\Выписки из ЕГРАД.pdf"></AppliedFile>
</AppliedFiles>
<AppliedFiles>
<NumberAppendix>2</NumberAppendix>
<NameAppendix>Министерство лесного хозяйства Тверской областисогласовывает схемы расположения</NameAppendix>
<AppliedFile Kind="01" Name="App\Согласование лесов.pdf"></AppliedFile>
</AppliedFiles>
</Appendix>
</MP>
