﻿<?xml version="1.0" encoding="utf-8"?>
<MP Version="06" NameSoftware="ТехноКад-Экспресс" VersionSoftware="2.19.30404.0" GUID="7cd5e77b-92a1-4e8d-b5fb-e715f05b46f7">
  <Package>
    <FormParcels Method="3">
      <NewParcel Definition="69:02:0000000:52:ЗУ1">
        <CadastralBlock>69:02:0000000</CadastralBlock>
        <PrevCadastralNumbers>
          <CadastralNumber>69:02:0000000:52</CadastralNumber>
        </PrevCadastralNumbers>
        <ProvidingPassCadastralNumbers>
          <Other>земли(земельные участки) общего пользования </Other>
        </ProvidingPassCadastralNumbers>
        <Area>
          <Area>25169</Area>
          <Unit>055</Unit>
          <Inaccuracy>56</Inaccuracy>
        </Area>
        <Address AddressOrLocation="1">
          <OKATO>28204000000</OKATO>
          <KLADR>6900300000000</KLADR>
          <PostalCode>171940</PostalCode>
          <Region>69</Region>
          <District Name="Бежецкий" Type="р-н" />
          <Other>Российская Федерация, Тверская область, Бежецкий район, Шишковское сельское поселение, автодорога Шишково-Дуброво -Константиново</Other>
        </Address>
        <Category Category="003003000000">
          <DocCategory>
            <CodeDocument>558208000000</CodeDocument>
            <Name>Постановление администрации Бежецкого района Тверской области</Name>
            <Number>3</Number>
            <Date>2018-01-12</Date>
          </DocCategory>
        </Category>
        <Utilization ByDoc="Под автодорогу">
          <DocUtilization>
            <CodeDocument>558401029900</CodeDocument>
            <Name>Постановление администрации Бежецкого района Тверской области</Name>
            <Number>3</Number>
            <Date>2018-01-12</Date>
          </DocUtilization>
        </Utilization>
        <EntitySpatial EntSys="Idc023db69-1499-4227-a1b1-ce8b44b67925">
          <SpatialElement>
            <SpelementUnit TypeUnit="Точка">
              <Ordinate NumGeopoint="1" PointPref="н" X="394799.85" Y="2307361.75" DeltaGeopoint="0.1" />
            </SpelementUnit>
            <SpelementUnit TypeUnit="Точка">
              <Ordinate NumGeopoint="84" PointPref="н" X="394781.44" Y="2307353.95" DeltaGeopoint="0.1" />
            </SpelementUnit>
            <SpelementUnit TypeUnit="Точка">
              <Ordinate NumGeopoint="83" PointPref="н" X="394778.73" Y="2307358.69" DeltaGeopoint="0.1" />
            </SpelementUnit>
            <SpelementUnit TypeUnit="Точка">
              <Ordinate NumGeopoint="82" PointPref="н" X="394761.40" Y="2307389.78" DeltaGeopoint="0.1" />
            </SpelementUnit>
            <SpelementUnit TypeUnit="Точка">
              <Ordinate NumGeopoint="81" PointPref="н" X="394754.61" Y="2307402.07" DeltaGeopoint="0.1" />
            </SpelementUnit>
            <SpelementUnit TypeUnit="Точка">
              <Ordinate NumGeopoint="80" PointPref="н" X="394725.13" Y="2307456.05" DeltaGeopoint="0.1" />
            </SpelementUnit>
            <SpelementUnit TypeUnit="Точка">
              <Ordinate NumGeopoint="79" PointPref="н" X="394715.70" Y="2307473.34" DeltaGeopoint="0.1" />
            </SpelementUnit>
            <SpelementUnit TypeUnit="Точка">
              <Ordinate NumGeopoint="78" PointPref="н" X="394686.74" Y="2307526.35" DeltaGeopoint="0.1" />
            </SpelementUnit>
            <SpelementUnit TypeUnit="Точка">
              <Ordinate NumGeopoint="77" PointPref="н" X="394660.94" Y="2307574.17" DeltaGeopoint="0.1" />
            </SpelementUnit>
            <SpelementUnit TypeUnit="Точка">
              <Ordinate NumGeopoint="76" PointPref="н" X="394636.34" Y="2307619.06" DeltaGeopoint="0.1" />
            </SpelementUnit>
            <SpelementUnit TypeUnit="Точка">
              <Ordinate NumGeopoint="75" PointPref="н" X="394613.26" Y="2307660.22" DeltaGeopoint="0.1" />
            </SpelementUnit>
            <SpelementUnit TypeUnit="Точка">
              <Ordinate NumGeopoint="74" PointPref="н" X="394608.69" Y="2307668.78" DeltaGeopoint="0.1" />
            </SpelementUnit>
            <SpelementUnit TypeUnit="Точка">
              <Ordinate NumGeopoint="73" PointPref="н" X="394570.86" Y="2307738.32" DeltaGeopoint="0.1" />
            </SpelementUnit>
            <SpelementUnit TypeUnit="Точка">
              <Ordinate NumGeopoint="72" PointPref="н" X="394539.74" Y="2307797.48" DeltaGeopoint="0.1" />
            </SpelementUnit>
            <SpelementUnit TypeUnit="Точка">
              <Ordinate NumGeopoint="71" PointPref="н" X="394531.90" Y="2307812.32" DeltaGeopoint="0.1" />
            </SpelementUnit>
            <SpelementUnit TypeUnit="Точка">
              <Ordinate NumGeopoint="70" PointPref="н" X="394477.84" Y="2307911.52" DeltaGeopoint="0.1" />
            </SpelementUnit>
            <SpelementUnit TypeUnit="Точка">
              <Ordinate NumGeopoint="69" PointPref="н" X="394452.27" Y="2307957.69" DeltaGeopoint="0.1" />
            </SpelementUnit>
            <SpelementUnit TypeUnit="Точка">
              <Ordinate NumGeopoint="68" PointPref="н" X="394435.37" Y="2307987.65" DeltaGeopoint="0.1" />
            </SpelementUnit>
            <SpelementUnit TypeUnit="Точка">
              <Ordinate NumGeopoint="67" PointPref="н" X="394403.56" Y="2308046.49" DeltaGeopoint="0.1" />
            </SpelementUnit>
            <SpelementUnit TypeUnit="Точка">
              <Ordinate NumGeopoint="66" PointPref="н" X="394390.68" Y="2308066.14" DeltaGeopoint="0.1" />
            </SpelementUnit>
            <SpelementUnit TypeUnit="Точка">
              <Ordinate NumGeopoint="65" PointPref="н" X="394382.22" Y="2308076.57" DeltaGeopoint="0.1" />
            </SpelementUnit>
            <SpelementUnit TypeUnit="Точка">
              <Ordinate NumGeopoint="64" PointPref="н" X="394373.74" Y="2308086.51" DeltaGeopoint="0.1" />
            </SpelementUnit>
            <SpelementUnit TypeUnit="Точка">
              <Ordinate NumGeopoint="63" PointPref="н" X="394363.91" Y="2308095.65" DeltaGeopoint="0.1" />
            </SpelementUnit>
            <SpelementUnit TypeUnit="Точка">
              <Ordinate NumGeopoint="62" PointPref="н" X="394361.73" Y="2308097.52" DeltaGeopoint="0.1" />
            </SpelementUnit>
            <SpelementUnit TypeUnit="Точка">
              <Ordinate NumGeopoint="61" PointPref="н" X="394345.59" Y="2308111.15" DeltaGeopoint="0.1" />
            </SpelementUnit>
            <SpelementUnit TypeUnit="Точка">
              <Ordinate NumGeopoint="60" PointPref="н" X="394323.17" Y="2308127.46" DeltaGeopoint="0.1" />
            </SpelementUnit>
            <SpelementUnit TypeUnit="Точка">
              <Ordinate NumGeopoint="59" PointPref="н" X="394302.40" Y="2308139.51" DeltaGeopoint="0.1" />
            </SpelementUnit>
            <SpelementUnit TypeUnit="Точка">
              <Ordinate NumGeopoint="58" PointPref="н" X="394294.92" Y="2308143.62" DeltaGeopoint="0.1" />
            </SpelementUnit>
            <SpelementUnit TypeUnit="Точка">
              <Ordinate NumGeopoint="57" PointPref="н" X="394282.45" Y="2308150.39" DeltaGeopoint="0.1" />
            </SpelementUnit>
            <SpelementUnit TypeUnit="Точка">
              <Ordinate NumGeopoint="56" PointPref="н" X="394263.07" Y="2308158.48" DeltaGeopoint="0.1" />
            </SpelementUnit>
            <SpelementUnit TypeUnit="Точка">
              <Ordinate NumGeopoint="55" PointPref="н" X="394241.27" Y="2308167.18" DeltaGeopoint="0.1" />
            </SpelementUnit>
            <SpelementUnit TypeUnit="Точка">
              <Ordinate NumGeopoint="54" PointPref="н" X="394231.48" Y="2308170.81" DeltaGeopoint="0.1" />
            </SpelementUnit>
            <SpelementUnit TypeUnit="Точка">
              <Ordinate NumGeopoint="53" PointPref="н" X="394203.34" Y="2308179.68" DeltaGeopoint="0.1" />
            </SpelementUnit>
            <SpelementUnit TypeUnit="Точка">
              <Ordinate NumGeopoint="52" PointPref="н" X="394170.79" Y="2308189.81" DeltaGeopoint="0.1" />
            </SpelementUnit>
            <SpelementUnit TypeUnit="Точка">
              <Ordinate NumGeopoint="51" PointPref="н" X="394156.57" Y="2308194.30" DeltaGeopoint="0.1" />
            </SpelementUnit>
            <SpelementUnit TypeUnit="Точка">
              <Ordinate NumGeopoint="50" PointPref="н" X="394125.31" Y="2308204.87" DeltaGeopoint="0.1" />
            </SpelementUnit>
            <SpelementUnit TypeUnit="Точка">
              <Ordinate NumGeopoint="49" PointPref="н" X="394093.01" Y="2308214.62" DeltaGeopoint="0.1" />
            </SpelementUnit>
            <SpelementUnit TypeUnit="Точка">
              <Ordinate NumGeopoint="48" PointPref="н" X="394077.09" Y="2308219.05" DeltaGeopoint="0.1" />
            </SpelementUnit>
            <SpelementUnit TypeUnit="Точка">
              <Ordinate NumGeopoint="47" PointPref="н" X="394060.93" Y="2308222.31" DeltaGeopoint="0.1" />
            </SpelementUnit>
            <SpelementUnit TypeUnit="Точка">
              <Ordinate NumGeopoint="46" PointPref="н" X="394047.39" Y="2308225.25" DeltaGeopoint="0.1" />
            </SpelementUnit>
            <SpelementUnit TypeUnit="Точка">
              <Ordinate NumGeopoint="45" PointPref="н" X="394003.53" Y="2308234.02" DeltaGeopoint="0.1" />
            </SpelementUnit>
            <SpelementUnit TypeUnit="Точка">
              <Ordinate NumGeopoint="44" PointPref="н" X="394004.89" Y="2308240.98" DeltaGeopoint="0.1" />
            </SpelementUnit>
            <SpelementUnit TypeUnit="Точка">
              <Ordinate NumGeopoint="43" PointPref="н" X="394002.54" Y="2308249.40" DeltaGeopoint="0.1" />
            </SpelementUnit>
            <SpelementUnit TypeUnit="Точка">
              <Ordinate NumGeopoint="42" PointPref="н" X="393996.14" Y="2308251.46" DeltaGeopoint="0.1" />
            </SpelementUnit>
            <SpelementUnit TypeUnit="Точка">
              <Ordinate NumGeopoint="41" PointPref="н" X="393970.57" Y="2308261.19" DeltaGeopoint="0.1" />
            </SpelementUnit>
            <SpelementUnit TypeUnit="Точка">
              <Ordinate NumGeopoint="40" PointPref="н" X="394051.39" Y="2308244.84" DeltaGeopoint="0.1" />
            </SpelementUnit>
            <SpelementUnit TypeUnit="Точка">
              <Ordinate NumGeopoint="39" PointPref="н" X="394065.10" Y="2308241.87" DeltaGeopoint="0.1" />
            </SpelementUnit>
            <SpelementUnit TypeUnit="Точка">
              <Ordinate NumGeopoint="38" PointPref="н" X="394081.72" Y="2308238.51" DeltaGeopoint="0.1" />
            </SpelementUnit>
            <SpelementUnit TypeUnit="Точка">
              <Ordinate NumGeopoint="37" PointPref="н" X="394098.68" Y="2308233.80" DeltaGeopoint="0.1" />
            </SpelementUnit>
            <SpelementUnit TypeUnit="Точка">
              <Ordinate NumGeopoint="36" PointPref="н" X="394131.38" Y="2308223.93" DeltaGeopoint="0.1" />
            </SpelementUnit>
            <SpelementUnit TypeUnit="Точка">
              <Ordinate NumGeopoint="35" PointPref="н" X="394162.88" Y="2308213.28" DeltaGeopoint="0.1" />
            </SpelementUnit>
            <SpelementUnit TypeUnit="Точка">
              <Ordinate NumGeopoint="34" PointPref="н" X="394176.80" Y="2308208.88" DeltaGeopoint="0.1" />
            </SpelementUnit>
            <SpelementUnit TypeUnit="Точка">
              <Ordinate NumGeopoint="33" PointPref="н" X="394209.52" Y="2308198.70" DeltaGeopoint="0.1" />
            </SpelementUnit>
            <SpelementUnit TypeUnit="Точка">
              <Ordinate NumGeopoint="32" PointPref="н" X="394236.17" Y="2308189.92" DeltaGeopoint="0.1" />
            </SpelementUnit>
            <SpelementUnit TypeUnit="Точка">
              <Ordinate NumGeopoint="31" PointPref="н" X="394248.13" Y="2308185.98" DeltaGeopoint="0.1" />
            </SpelementUnit>
            <SpelementUnit TypeUnit="Точка">
              <Ordinate NumGeopoint="30" PointPref="н" X="394270.70" Y="2308176.97" DeltaGeopoint="0.1" />
            </SpelementUnit>
            <SpelementUnit TypeUnit="Точка">
              <Ordinate NumGeopoint="29" PointPref="н" X="394291.10" Y="2308168.45" DeltaGeopoint="0.1" />
            </SpelementUnit>
            <SpelementUnit TypeUnit="Точка">
              <Ordinate NumGeopoint="28" PointPref="н" X="394304.53" Y="2308161.16" DeltaGeopoint="0.1" />
            </SpelementUnit>
            <SpelementUnit TypeUnit="Точка">
              <Ordinate NumGeopoint="27" PointPref="н" X="394312.34" Y="2308156.87" DeltaGeopoint="0.1" />
            </SpelementUnit>
            <SpelementUnit TypeUnit="Точка">
              <Ordinate NumGeopoint="26" PointPref="н" X="394334.09" Y="2308144.24" DeltaGeopoint="0.1" />
            </SpelementUnit>
            <SpelementUnit TypeUnit="Точка">
              <Ordinate NumGeopoint="25" PointPref="н" X="394357.91" Y="2308126.92" DeltaGeopoint="0.1" />
            </SpelementUnit>
            <SpelementUnit TypeUnit="Точка">
              <Ordinate NumGeopoint="24" PointPref="н" X="394374.71" Y="2308112.74" DeltaGeopoint="0.1" />
            </SpelementUnit>
            <SpelementUnit TypeUnit="Точка">
              <Ordinate NumGeopoint="23" PointPref="н" X="394377.18" Y="2308110.62" DeltaGeopoint="0.1" />
            </SpelementUnit>
            <SpelementUnit TypeUnit="Точка">
              <Ordinate NumGeopoint="22" PointPref="н" X="394388.23" Y="2308100.35" DeltaGeopoint="0.1" />
            </SpelementUnit>
            <SpelementUnit TypeUnit="Точка">
              <Ordinate NumGeopoint="21" PointPref="н" X="394397.68" Y="2308089.26" DeltaGeopoint="0.1" />
            </SpelementUnit>
            <SpelementUnit TypeUnit="Точка">
              <Ordinate NumGeopoint="20" PointPref="н" X="394406.81" Y="2308078.01" DeltaGeopoint="0.1" />
            </SpelementUnit>
            <SpelementUnit TypeUnit="Точка">
              <Ordinate NumGeopoint="19" PointPref="н" X="394420.78" Y="2308056.71" DeltaGeopoint="0.1" />
            </SpelementUnit>
            <SpelementUnit TypeUnit="Точка">
              <Ordinate NumGeopoint="18" PointPref="н" X="394452.92" Y="2307997.23" DeltaGeopoint="0.1" />
            </SpelementUnit>
            <SpelementUnit TypeUnit="Точка">
              <Ordinate NumGeopoint="17" PointPref="н" X="394469.75" Y="2307967.41" DeltaGeopoint="0.1" />
            </SpelementUnit>
            <SpelementUnit TypeUnit="Точка">
              <Ordinate NumGeopoint="16" PointPref="н" X="394495.35" Y="2307921.17" DeltaGeopoint="0.1" />
            </SpelementUnit>
            <SpelementUnit TypeUnit="Точка">
              <Ordinate NumGeopoint="15" PointPref="н" X="394549.55" Y="2307821.72" DeltaGeopoint="0.1" />
            </SpelementUnit>
            <SpelementUnit TypeUnit="Точка">
              <Ordinate NumGeopoint="14" PointPref="н" X="394557.44" Y="2307806.80" DeltaGeopoint="0.1" />
            </SpelementUnit>
            <SpelementUnit TypeUnit="Точка">
              <Ordinate NumGeopoint="13" PointPref="н" X="394588.53" Y="2307747.70" DeltaGeopoint="0.1" />
            </SpelementUnit>
            <SpelementUnit TypeUnit="Точка">
              <Ordinate NumGeopoint="12" PointPref="н" X="394626.31" Y="2307678.23" DeltaGeopoint="0.1" />
            </SpelementUnit>
            <SpelementUnit TypeUnit="Точка">
              <Ordinate NumGeopoint="11" PointPref="н" X="394630.85" Y="2307669.73" DeltaGeopoint="0.1" />
            </SpelementUnit>
            <SpelementUnit TypeUnit="Точка">
              <Ordinate NumGeopoint="10" PointPref="н" X="394653.86" Y="2307628.72" DeltaGeopoint="0.1" />
            </SpelementUnit>
            <SpelementUnit TypeUnit="Точка">
              <Ordinate NumGeopoint="9" PointPref="н" X="394678.50" Y="2307583.76" DeltaGeopoint="0.1" />
            </SpelementUnit>
            <SpelementUnit TypeUnit="Точка">
              <Ordinate NumGeopoint="8" PointPref="н" X="394704.33" Y="2307535.87" DeltaGeopoint="0.1" />
            </SpelementUnit>
            <SpelementUnit TypeUnit="Точка">
              <Ordinate NumGeopoint="7" PointPref="н" X="394733.26" Y="2307482.92" DeltaGeopoint="0.1" />
            </SpelementUnit>
            <SpelementUnit TypeUnit="Точка">
              <Ordinate NumGeopoint="6" PointPref="н" X="394742.69" Y="2307465.63" DeltaGeopoint="0.1" />
            </SpelementUnit>
            <SpelementUnit TypeUnit="Точка">
              <Ordinate NumGeopoint="5" PointPref="н" X="394772.15" Y="2307411.67" DeltaGeopoint="0.1" />
            </SpelementUnit>
            <SpelementUnit TypeUnit="Точка">
              <Ordinate NumGeopoint="4" PointPref="н" X="394778.89" Y="2307399.47" DeltaGeopoint="0.1" />
            </SpelementUnit>
            <SpelementUnit TypeUnit="Точка">
              <Ordinate NumGeopoint="3" PointPref="н" X="394796.21" Y="2307368.41" DeltaGeopoint="0.1" />
            </SpelementUnit>
            <SpelementUnit TypeUnit="Точка">
              <Ordinate NumGeopoint="2" PointPref="н" X="394799.21" Y="2307363.01" DeltaGeopoint="0.1" />
            </SpelementUnit>
            <SpelementUnit TypeUnit="Точка">
              <Ordinate NumGeopoint="1" PointPref="н" X="394799.85" Y="2307361.75" DeltaGeopoint="0.1" />
            </SpelementUnit>
          </SpatialElement>
          <Borders>
            <Border Point1="1" Point2="2" Spatial="1">
              <Edge>
                <Length>19.99</Length>
              </Edge>
            </Border>
            <Border Point1="2" Point2="3" Spatial="1">
              <Edge>
                <Length>5.46</Length>
              </Edge>
            </Border>
            <Border Point1="3" Point2="4" Spatial="1">
              <Edge>
                <Length>35.59</Length>
              </Edge>
            </Border>
            <Border Point1="4" Point2="5" Spatial="1">
              <Edge>
                <Length>14.04</Length>
              </Edge>
            </Border>
            <Border Point1="5" Point2="6" Spatial="1">
              <Edge>
                <Length>61.51</Length>
              </Edge>
            </Border>
            <Border Point1="6" Point2="7" Spatial="1">
              <Edge>
                <Length>19.69</Length>
              </Edge>
            </Border>
            <Border Point1="7" Point2="8" Spatial="1">
              <Edge>
                <Length>60.4</Length>
              </Edge>
            </Border>
            <Border Point1="8" Point2="9" Spatial="1">
              <Edge>
                <Length>54.34</Length>
              </Edge>
            </Border>
            <Border Point1="9" Point2="10" Spatial="1">
              <Edge>
                <Length>51.19</Length>
              </Edge>
            </Border>
            <Border Point1="10" Point2="11" Spatial="1">
              <Edge>
                <Length>47.19</Length>
              </Edge>
            </Border>
            <Border Point1="11" Point2="12" Spatial="1">
              <Edge>
                <Length>9.7</Length>
              </Edge>
            </Border>
            <Border Point1="12" Point2="13" Spatial="1">
              <Edge>
                <Length>79.16</Length>
              </Edge>
            </Border>
            <Border Point1="13" Point2="14" Spatial="1">
              <Edge>
                <Length>66.85</Length>
              </Edge>
            </Border>
            <Border Point1="14" Point2="15" Spatial="1">
              <Edge>
                <Length>16.78</Length>
              </Edge>
            </Border>
            <Border Point1="15" Point2="16" Spatial="1">
              <Edge>
                <Length>112.97</Length>
              </Edge>
            </Border>
            <Border Point1="16" Point2="17" Spatial="1">
              <Edge>
                <Length>52.78</Length>
              </Edge>
            </Border>
            <Border Point1="17" Point2="18" Spatial="1">
              <Edge>
                <Length>34.4</Length>
              </Edge>
            </Border>
            <Border Point1="18" Point2="19" Spatial="1">
              <Edge>
                <Length>66.89</Length>
              </Edge>
            </Border>
            <Border Point1="19" Point2="20" Spatial="1">
              <Edge>
                <Length>23.5</Length>
              </Edge>
            </Border>
            <Border Point1="20" Point2="21" Spatial="1">
              <Edge>
                <Length>13.43</Length>
              </Edge>
            </Border>
            <Border Point1="21" Point2="22" Spatial="1">
              <Edge>
                <Length>13.07</Length>
              </Edge>
            </Border>
            <Border Point1="22" Point2="23" Spatial="1">
              <Edge>
                <Length>13.42</Length>
              </Edge>
            </Border>
            <Border Point1="23" Point2="24" Spatial="1">
              <Edge>
                <Length>2.87</Length>
              </Edge>
            </Border>
            <Border Point1="24" Point2="25" Spatial="1">
              <Edge>
                <Length>21.13</Length>
              </Edge>
            </Border>
            <Border Point1="25" Point2="26" Spatial="1">
              <Edge>
                <Length>27.72</Length>
              </Edge>
            </Border>
            <Border Point1="26" Point2="27" Spatial="1">
              <Edge>
                <Length>24.01</Length>
              </Edge>
            </Border>
            <Border Point1="27" Point2="28" Spatial="1">
              <Edge>
                <Length>8.53</Length>
              </Edge>
            </Border>
            <Border Point1="28" Point2="29" Spatial="1">
              <Edge>
                <Length>14.19</Length>
              </Edge>
            </Border>
            <Border Point1="29" Point2="30" Spatial="1">
              <Edge>
                <Length>21</Length>
              </Edge>
            </Border>
            <Border Point1="30" Point2="31" Spatial="1">
              <Edge>
                <Length>23.47</Length>
              </Edge>
            </Border>
            <Border Point1="31" Point2="32" Spatial="1">
              <Edge>
                <Length>10.44</Length>
              </Edge>
            </Border>
            <Border Point1="32" Point2="33" Spatial="1">
              <Edge>
                <Length>29.5</Length>
              </Edge>
            </Border>
            <Border Point1="33" Point2="34" Spatial="1">
              <Edge>
                <Length>34.09</Length>
              </Edge>
            </Border>
            <Border Point1="34" Point2="35" Spatial="1">
              <Edge>
                <Length>14.91</Length>
              </Edge>
            </Border>
            <Border Point1="35" Point2="36" Spatial="1">
              <Edge>
                <Length>33</Length>
              </Edge>
            </Border>
            <Border Point1="36" Point2="37" Spatial="1">
              <Edge>
                <Length>33.74</Length>
              </Edge>
            </Border>
            <Border Point1="37" Point2="38" Spatial="1">
              <Edge>
                <Length>16.52</Length>
              </Edge>
            </Border>
            <Border Point1="38" Point2="39" Spatial="1">
              <Edge>
                <Length>16.49</Length>
              </Edge>
            </Border>
            <Border Point1="39" Point2="40" Spatial="1">
              <Edge>
                <Length>13.86</Length>
              </Edge>
            </Border>
            <Border Point1="40" Point2="41" Spatial="1">
              <Edge>
                <Length>44.73</Length>
              </Edge>
            </Border>
            <Border Point1="41" Point2="42" Spatial="1">
              <Edge>
                <Length>7.09</Length>
              </Edge>
            </Border>
            <Border Point1="42" Point2="43" Spatial="1">
              <Edge>
                <Length>8.74</Length>
              </Edge>
            </Border>
            <Border Point1="43" Point2="44" Spatial="1">
              <Edge>
                <Length>6.72</Length>
              </Edge>
            </Border>
            <Border Point1="44" Point2="45" Spatial="1">
              <Edge>
                <Length>27.36</Length>
              </Edge>
            </Border>
            <Border Point1="45" Point2="46" Spatial="1">
              <Edge>
                <Length>82.46</Length>
              </Edge>
            </Border>
            <Border Point1="46" Point2="47" Spatial="1">
              <Edge>
                <Length>14.03</Length>
              </Edge>
            </Border>
            <Border Point1="47" Point2="48" Spatial="1">
              <Edge>
                <Length>16.96</Length>
              </Edge>
            </Border>
            <Border Point1="48" Point2="49" Spatial="1">
              <Edge>
                <Length>17.6</Length>
              </Edge>
            </Border>
            <Border Point1="49" Point2="50" Spatial="1">
              <Edge>
                <Length>34.16</Length>
              </Edge>
            </Border>
            <Border Point1="50" Point2="51" Spatial="1">
              <Edge>
                <Length>33.25</Length>
              </Edge>
            </Border>
            <Border Point1="51" Point2="52" Spatial="1">
              <Edge>
                <Length>14.6</Length>
              </Edge>
            </Border>
            <Border Point1="52" Point2="53" Spatial="1">
              <Edge>
                <Length>34.27</Length>
              </Edge>
            </Border>
            <Border Point1="53" Point2="54" Spatial="1">
              <Edge>
                <Length>28.06</Length>
              </Edge>
            </Border>
            <Border Point1="54" Point2="55" Spatial="1">
              <Edge>
                <Length>12.59</Length>
              </Edge>
            </Border>
            <Border Point1="55" Point2="56" Spatial="1">
              <Edge>
                <Length>24.3</Length>
              </Edge>
            </Border>
            <Border Point1="56" Point2="57" Spatial="1">
              <Edge>
                <Length>22.11</Length>
              </Edge>
            </Border>
            <Border Point1="57" Point2="58" Spatial="1">
              <Edge>
                <Length>15.28</Length>
              </Edge>
            </Border>
            <Border Point1="58" Point2="59" Spatial="1">
              <Edge>
                <Length>8.91</Length>
              </Edge>
            </Border>
            <Border Point1="59" Point2="60" Spatial="1">
              <Edge>
                <Length>25.15</Length>
              </Edge>
            </Border>
            <Border Point1="60" Point2="61" Spatial="1">
              <Edge>
                <Length>29.45</Length>
              </Edge>
            </Border>
            <Border Point1="61" Point2="62" Spatial="1">
              <Edge>
                <Length>21.98</Length>
              </Edge>
            </Border>
            <Border Point1="62" Point2="63" Spatial="1">
              <Edge>
                <Length>3.26</Length>
              </Edge>
            </Border>
            <Border Point1="63" Point2="64" Spatial="1">
              <Edge>
                <Length>15.09</Length>
              </Edge>
            </Border>
            <Border Point1="64" Point2="65" Spatial="1">
              <Edge>
                <Length>14.57</Length>
              </Edge>
            </Border>
            <Border Point1="65" Point2="66" Spatial="1">
              <Edge>
                <Length>14.49</Length>
              </Edge>
            </Border>
            <Border Point1="66" Point2="67" Spatial="1">
              <Edge>
                <Length>25.47</Length>
              </Edge>
            </Border>
            <Border Point1="67" Point2="68" Spatial="1">
              <Edge>
                <Length>67.61</Length>
              </Edge>
            </Border>
            <Border Point1="68" Point2="69" Spatial="1">
              <Edge>
                <Length>34.24</Length>
              </Edge>
            </Border>
            <Border Point1="69" Point2="70" Spatial="1">
              <Edge>
                <Length>52.85</Length>
              </Edge>
            </Border>
            <Border Point1="70" Point2="71" Spatial="1">
              <Edge>
                <Length>113.26</Length>
              </Edge>
            </Border>
            <Border Point1="71" Point2="72" Spatial="1">
              <Edge>
                <Length>16.88</Length>
              </Edge>
            </Border>
            <Border Point1="72" Point2="73" Spatial="1">
              <Edge>
                <Length>66.78</Length>
              </Edge>
            </Border>
            <Border Point1="73" Point2="74" Spatial="1">
              <Edge>
                <Length>79.08</Length>
              </Edge>
            </Border>
            <Border Point1="74" Point2="75" Spatial="1">
              <Edge>
                <Length>9.64</Length>
              </Edge>
            </Border>
            <Border Point1="75" Point2="76" Spatial="1">
              <Edge>
                <Length>47.02</Length>
              </Edge>
            </Border>
            <Border Point1="76" Point2="77" Spatial="1">
              <Edge>
                <Length>51.27</Length>
              </Edge>
            </Border>
            <Border Point1="77" Point2="78" Spatial="1">
              <Edge>
                <Length>54.41</Length>
              </Edge>
            </Border>
            <Border Point1="78" Point2="79" Spatial="1">
              <Edge>
                <Length>60.34</Length>
              </Edge>
            </Border>
            <Border Point1="79" Point2="80" Spatial="1">
              <Edge>
                <Length>19.69</Length>
              </Edge>
            </Border>
            <Border Point1="80" Point2="81" Spatial="1">
              <Edge>
                <Length>61.48</Length>
              </Edge>
            </Border>
            <Border Point1="81" Point2="82" Spatial="1">
              <Edge>
                <Length>13.94</Length>
              </Edge>
            </Border>
            <Border Point1="82" Point2="83" Spatial="1">
              <Edge>
                <Length>35.56</Length>
              </Edge>
            </Border>
            <Border Point1="83" Point2="84" Spatial="1">
              <Edge>
                <Length>6.18</Length>
              </Edge>
            </Border>
            <Border Point1="84" Point2="85" Spatial="1">
              <Edge>
                <Length>1.41</Length>
              </Edge>
            </Border>
            <Border Point1="85" Point2="1" Spatial="1">
              <Edge>
                <Length>19.99</Length>
              </Edge>
            </Border>
          </Borders>
        </EntitySpatial>
        <RelatedParcels>
          <ParcelNeighbours>
            <Definition>y111</Definition>
            <ParcelNeighbour>
              <CadastralNumber>12:34:2342342:34</CadastralNumber>
              <OwnerNeighbours>
                <NameRight>2342134</NameRight>
                <OwnerNeighbour>
                  <NameOwner>fhfghdfghdf</NameOwner>
                  <ContactAddress>gherewrqreqwer</ContactAddress>
                  <Documents>
                    <Document>
                      <CodeDocument>558401000000</CodeDocument>
                      <Name>Выписка координат пунктов ГГС</Name>
                      <Number>123123</Number>
                      <Date>2018-04-11</Date>
                      <IssueOrgan>Администрация Бежецкого района Тверской области</IssueOrgan>
                    </Document>
                  </Documents>
                </OwnerNeighbour>
              </OwnerNeighbours>
            </ParcelNeighbour>
          </ParcelNeighbours>
          <ParcelNeighbours>
            <Definition>3434</Definition>
            <ParcelNeighbour>
              <CadastralNumber>12:31:2312312:31</CadastralNumber>
              <OwnerNeighbours>
                <NameRight>1233</NameRight>
                <OwnerNeighbour>
                  <NameOwner>234er34d</NameOwner>
                  <ContactAddress>adfaf</ContactAddress>
                  <Documents>
                    <Document>
                      <CodeDocument>558401000000</CodeDocument>
                      <Name>Выписка из ЕГРН</Name>
                      <Number>234234</Number>
                      <Date>2018-04-04</Date>
                      <IssueOrgan>Администрация Бежецкого района Тверской области</IssueOrgan>
                    </Document>
                  </Documents>
                </OwnerNeighbour>
                <OwnerNeighbour>
                  <NameOwner>erqwerqwer</NameOwner>
                  <ContactAddress>qwerqwer</ContactAddress>
                  <Documents>
                    <Document>
                      <CodeDocument>558401000000</CodeDocument>
                      <Name>Выписка из ЕГРН</Name>
                      <Number>234234</Number>
                      <Date>2018-04-04</Date>
                      <IssueOrgan>Администрация Бежецкого района Тверской области</IssueOrgan>
                    </Document>
                  </Documents>
                </OwnerNeighbour>
              </OwnerNeighbours>
            </ParcelNeighbour>
          </ParcelNeighbours>
        </RelatedParcels>
      </NewParcel>
      <ChangeParcel CadastralNumber="69:02:0000000:52">
        <CadastralBlock>69:02:0000000</CadastralBlock>
        <ProvidingPassCadastralNumbers>
          <Other>Земли общего пользования</Other>
        </ProvidingPassCadastralNumbers>
      </ChangeParcel>
    </FormParcels>
  </Package>
  <GeneralCadastralWorks DateCadastral="2018-03-19">
    <Contractor>
      <FamilyName>Иванникова</FamilyName>
      <FirstName>Олеся</FirstName>
      <Patronymic>Геннадьевна</Patronymic>
      <NCertificate>36-13-514</NCertificate>
      <Telephone>8-952-559-56-18</Telephone>
      <Address>394005, г. Воронеж, ул. Владимира Невского, д.85б, кв.16</Address>
      <Email>lesy1484@mail.ru</Email>
      <Organization>
        <Name>ООО НПП "Компьютерные Технологии"</Name>
        <AddressOrganization>Воронеж Фриджрха энгельса</AddressOrganization>
      </Organization>
    </Contractor>
    <Reason>образованием земельного участка путем раздела земельного участка с кадастровым номером 69:02:0000000:52 с сохранением исходного земельного участка в измененных границах</Reason>
    <Clients>
      <Client>
        <Organization>
          <Name>Государственное казенное учреждение Тверской области "Дирекция территориального дорожного фонда Тверской области"</Name>
          <INN>6905009018</INN>
          <OGRN>1026900546925</OGRN>
        </Organization>
      </Client>
    </Clients>
  </GeneralCadastralWorks>
  <CoordSystems>
    <CoordSystem CsId="Idc023db69-1499-4227-a1b1-ce8b44b67925" Name="МСК-69, зона 2" />
  </CoordSystems>
  <InputData>
    <Documents>
      <Document>
        <CodeDocument>008002008000</CodeDocument>
        <Name>Выписка координат пунктов ГГС</Name>
        <Number>б\н</Number>
        <Date>2017-11-01</Date>
      </Document>
      <Document>
        <CodeDocument>008002008000</CodeDocument>
        <Name>Постановление администрации Бежецкого района Тверской области</Name>
        <Number>3</Number>
        <Date>2018-01-12</Date>
        <IssueOrgan>Администрация Бежецкого района Тверской области</IssueOrgan>
      </Document>
      <Document>
        <CodeDocument>558217000000</CodeDocument>
        <Number>99/2017/37507685</Number>
        <Date>2017-11-21</Date>
      </Document>
      <Document>
        <CodeDocument>008002008000</CodeDocument>
        <Name>Выписка из ЕГРН</Name>
        <Number>99/2017/42655414</Number>
        <Date>2017-12-06</Date>
      </Document>
      <Document>
        <CodeDocument>008002008000</CodeDocument>
        <Name>Постановление администрации Бежецкого района Тверской области</Name>
        <Number>108</Number>
        <Date>2018-03-02</Date>
      </Document>
      <Document>
        <CodeDocument>008002008000</CodeDocument>
        <Name>Выписки из ЕГРАД на дороги от ФДА Бежецкий район</Name>
        <Number>б\н</Number>
        <Date>2010-11-29</Date>
      </Document>
    </Documents>
    <GeodesicBases>
      <GeodesicBase>
        <PName>Крутец</PName>
        <PKind>наружный знак утрачен</PKind>
        <PKlass>2 класс</PKlass>
        <OrdX>392758.57</OrdX>
        <OrdY>2319346.5</OrdY>
      </GeodesicBase>
      <GeodesicBase>
        <PName>Сокольниково</PName>
        <PKind>пир. 6.2.</PKind>
        <PKlass>1 класс</PKlass>
        <OrdX>402600.64</OrdX>
        <OrdY>2326524.69</OrdY>
      </GeodesicBase>
      <GeodesicBase>
        <PName>Алабузино</PName>
        <PKind>пир. 6.2.</PKind>
        <PKlass>2 класс</PKlass>
        <OrdX>401851.71</OrdX>
        <OrdY>2316356.82</OrdY>
      </GeodesicBase>
    </GeodesicBases>
    <MeansSurvey>
      <MeanSurvey>
        <Name>GNSS - приемник спутниковый геодезический двухчастотный Trimble R8 GNSS</Name>
        <Registration>
          <Number>33967-07</Number>
          <Duration>17 января 2018 г.</Duration>
        </Registration>
        <CertificateVerification>№ 012343</CertificateVerification>
      </MeanSurvey>
      <MeanSurvey>
        <Name>Аппаратура геодезическая потребителей спутниковых навигационных систем ГЛОНАСС и GPS Trimble R7GNS</Name>
        <Registration>
          <Number>37145-08</Number>
          <Duration>17 января 2018 г.</Duration>
        </Registration>
        <CertificateVerification>№ 012342</CertificateVerification>
      </MeanSurvey>
    </MeansSurvey>
  </InputData>
  <Survey>
    <GeopointsOpred>
      <GeopointOpred>
        <CadastralNumberDefinition>69:02:0000000:52:ЗУ1</CadastralNumberDefinition>
        <Methods>
          <GeopointOpred>692005000000</GeopointOpred>
        </Methods>
      </GeopointOpred>
    </GeopointsOpred>
    <TochnGeopointsParcels>
      <TochnGeopointsParcel>
        <CadastralNumberDefinition>69:02:0000000:52:ЗУ1</CadastralNumberDefinition>
        <Formula>Mt = 0.1 </Formula>
      </TochnGeopointsParcel>
    </TochnGeopointsParcels>
    <TochnAreaParcels>
      <TochnAreaParcel>
        <CadastralNumberDefinition>69:02:0000000:52:ЗУ1</CadastralNumberDefinition>
        <Formula>∆Р=3.5mt√p=3.5*0.1*√25169=56 </Formula>
        <Area>
          <Area>25169</Area>
          <Unit>055</Unit>
        </Area>
      </TochnAreaParcel>
    </TochnAreaParcels>
  </Survey>
  <Conclusion>Межевой план подготовил кадастровый инженер Иванникова Олеся Геннадьевна, являющийся членом СРО КИ "ОПКД" (уникальный реестровый номер кадастрового инженера в реестре членов СРО КИ N 401). Сведения о СРО "ОПКД» содержатся в государственном реестре СРО КИ (уникальный номер реестровой записи от "08" июля 2016 г. N 003).
В соответствии с государственными контрактами от 16.10.2017 № 4-ГК-2017, заключенными с ГКУ «Дирекция ТДФ», общество с ограниченной ответственностью Научно-производственное предприятие «Компьютерные технологии», кадастровым инженером которого является Иванникова О.Г., выполняет инженерно-геодезические и земельно-кадастровые работы по уточнению протяженности и установлению границ полос отвода автомобильных дорог общего пользования межмуниципального значения 2 класса в Бежецком районе Тверской области.
Земельный участок, фактически занятый полосой отвода автомобильной дороги расположенные за чертой населенных пунктов внесен в ЕГРН с кадастровым номером 69:02:0000000:52. 
В соответствии с п.п.5 части 3 ст.11.3 ЗК РФ и Письма Министерства экономического развития Российской Федерации №10-2348-КЛ от 21 июля 2015 года образование земельных участков из земель или земельных участков, находящихся в государственной или муниципальной собственности, под уже созданными (существующими) линейными объектами местного, регионального или федерального значения, может осуществляться в соответствии с утвержденной схемой расположения земельного участка или земельных участков на кадастровом плане территории, которая предусмотрена ст.11.10 Земельного кодекса Российской Федерации. Факт существования автомобильной дороги подтверждается Выпиской из Единого государственного реестра автомобильных дорог приведенной в Приложении межевого плана. 
Поэтому в силу п. 13 ст.11.10 ЗК РФ в котором говорится, что схема расположения земельного участка утверждается решением исполнительного органа государственной власти или органа местного самоуправления, уполномоченных на предоставление находящихся в государственной или муниципальной собственности земельных участков, если иное не предусмотрено настоящим Кодексом, было подано заявление об утверждении схемы расположения земельного участка на кадастровом плане территории.
Представленный межевой план подготовлен в связи с образование земельного участка, занятого полосой отвода автомобильной дороги Шишково - Дуброво – Константиново, путем раздела земельного участка с кадастровым номером 69:0000000:52 с сохранением исходного земельного участка в измененных границах. Граница образуемого земельного участка утверждена постановлением от 12.01.2018 г. №3, утвержденным надлежащим образом и приведенным в Приложении к настоящему межевому плану.
При образовании земельного участка, права и интересы правообладателей смежных земельных участков затронуты не были. Следовательно, согласно действующему законодательству, согласование границ образуемого земельного участка не требуется, и поэтому в межевом плане отсутствует раздел «Акт согласования границ земельных участков».
В соответствии с абзацем 2 п. 38 Приказа № 921 от 08.12.2015 г. «Об утверждении формы и состава сведений межевого плана, требований к его подготовке» в случаях применения при осуществлении кадастровых работ для определения координат характерных точек границ земельных участков (частей земельных участков) метода спутниковых геодезических измерений с использованием программного обеспечения в формуле, примененной для расчета средней квадратической погрешности положения характерных точек границ земельных участков (частей земельных участков (Mt), может быть указано только значение средней квадратической погрешности. В данном межевом плане применен метод спутниковых геодезических измерений.
Геодезические работы проводились в ноябре 2017 года в рамках Государственного контракта №1-ГК-2017 от 16.10.2017 г.
Сведения о геодезической основе кадастра, использованной при подготовке межевого плана (МСК-69, состояние на 01 ноября 2017г). 
1. 1570 Крутец (наружный знак утрачен. 2 кл.) Х 392 758.57; Y 2 319 346.50, наружный знак - уничтожен, центр знака – сохранился, марка – сохранилась.
2. 1588 Алабузино (пир. 6.2., 2 кл.) Х 401 851.71; Y 2 316 356.82, наружный знак - сохранился, центр знака – сохранился, марка – сохранилась.
3. 1603 Сокольниково (пир. 6.2., 1 кл.) Х 514118.80; Y 2256699.51, наружный знак - сохранился, центр знака – сохранился, марка – сохранилась.  Межевой план подготовил кадастровый инженер Иванникова Олеся Геннадьевна, являющийся членом СРО КИ  (уникальный реестровый номер кадастрового
            инженера в реестре членов СРО КИ N 234).
            Сведения о СРО КИ  содержатся в
            государственном реестре СРО КИ (уникальный номер реестровой записи от "04" марта 2018 г.  N 234).
          </Conclusion>
  <SchemeGeodesicPlotting Kind="01" Name="e935085e-e4ed-4f73-a579-5fefdd5f523a\постановление № 3 от 12.01.2018.pdf" />
  <SchemeDisposition Kind="01" Name="e935085e-e4ed-4f73-a579-5fefdd5f523a\постановление № 3 от 12.01.2018.pdf" />
  <DiagramParcelsSubParcels Kind="01" Name="e935085e-e4ed-4f73-a579-5fefdd5f523a\постановление № 3 от 12.01.2018.pdf" />
</MP>