﻿<?xml version="1.0" encoding="utf-8"?>
<MP Version="06" NameSoftware="ТехноКад-Экспресс" VersionSoftware="2.19.21130.0" GUID="23a5f592-e5d8-442a-9a85-3566ae45836b">
  <Package>
    <SpecifyParcel>
      <ExistParcel CadastralNumber="36:10:2800009:36">
        <CadastralBlock>36:10:2800009</CadastralBlock>
        <Area>
          <Area>100</Area>
          <Unit>055</Unit>
          <Inaccuracy>4</Inaccuracy>
        </Area>
        <SubParcels>
          <NewSubParcel Definition="36:10:2800009:36/чзу1">
            <Area>
              <Area>12312</Area>
              <Unit>055</Unit>
              <Inaccuracy>444</Inaccuracy>
            </Area>
            <Encumbrance>
              <Type>022002000000</Type>
            </Encumbrance>
            <EntitySpatial EntSys="Id6c197271-038f-4376-a038-663ed4ec203c">
              <SpatialElement>
                <SpelementUnit TypeUnit="Точка">
                  <Ordinate NumGeopoint="1" X="3434.00" Y="34.00" DeltaGeopoint="5" />
                </SpelementUnit>
                <SpelementUnit TypeUnit="Точка">
                  <Ordinate NumGeopoint="2" X="234234.00" Y="563456.00" DeltaGeopoint="5" />
                </SpelementUnit>
                <SpelementUnit TypeUnit="Точка">
                  <Ordinate NumGeopoint="3" X="23432.00" Y="456567222.00" DeltaGeopoint="1" />
                </SpelementUnit>
              </SpatialElement>
            </EntitySpatial>
          </NewSubParcel>
          <ExistSubParcel NumberRecord="555675">
            <Area>
              <Area>222390007</Area>
              <Unit>055</Unit>
              <Inaccuracy>223</Inaccuracy>
            </Area>
            <Encumbrance>
              <Type>022002000000</Type>
            </Encumbrance>
            <EntitySpatial EntSys="Id6c197271-038f-4376-a038-663ed4ec203c">
              <SpatialElement>
                <SpelementUnit TypeUnit="Точка">
                  <Ordinate NumGeopoint="1" X="3434.00" Y="34.00" DeltaGeopoint="5" />
                </SpelementUnit>
                <SpelementUnit TypeUnit="Точка">
                  <Ordinate NumGeopoint="2" X="234234.00" Y="563456.00" DeltaGeopoint="5" />
                </SpelementUnit>
                <SpelementUnit TypeUnit="Точка">
                  <Ordinate NumGeopoint="3" X="23432.00" Y="456567222.00" DeltaGeopoint="1" />
                </SpelementUnit>
              </SpatialElement>
            </EntitySpatial>
          </ExistSubParcel>
          <InvariableSubParcel NumberRecord="12322">
            <Area>
              <Area>1345445</Area>
              <Unit>055</Unit>
            </Area>
            <Encumbrance>
              <Type>022002000000</Type>
            </Encumbrance>
          </InvariableSubParcel>
        </SubParcels>
        <EntitySpatial EntSys="Id6c197271-038f-4376-a038-663ed4ec203c">
          <SpatialElement>
            <SpelementUnit TypeUnit="Точка">
              <OldOrdinate NumGeopoint="1" X="376666.68" Y="2225484.13" />
              <NewOrdinate NumGeopoint="1" PointPref="н" X="376671.54" Y="2225483.35" DeltaGeopoint="0.2" />
            </SpelementUnit>
            <SpelementUnit TypeUnit="Точка">
              <NewOrdinate NumGeopoint="6" PointPref="н" X="376669.52" Y="2225483.44" DeltaGeopoint="0.2" />
            </SpelementUnit>
            <SpelementUnit TypeUnit="Точка">
              <NewOrdinate NumGeopoint="5" PointPref="н" X="376661.55" Y="2225483.80" DeltaGeopoint="0.2" />
            </SpelementUnit>
            <SpelementUnit TypeUnit="Точка">
              <OldOrdinate NumGeopoint="4" X="376656.69" Y="2225484.58" />
              <NewOrdinate NumGeopoint="4" PointPref="н" X="376662.00" Y="2225493.79" DeltaGeopoint="0.2" />
            </SpelementUnit>
            <SpelementUnit TypeUnit="Точка">
              <OldOrdinate NumGeopoint="3" X="376657.14" Y="2225494.57" />
              <NewOrdinate NumGeopoint="3" PointPref="н" X="376669.59" Y="2225493.45" DeltaGeopoint="0.2" />
            </SpelementUnit>
            <SpelementUnit TypeUnit="Точка">
              <OldOrdinate NumGeopoint="2" X="376667.13" Y="2225494.12" />
              <NewOrdinate NumGeopoint="2" PointPref="н" X="376671.99" Y="2225493.34" DeltaGeopoint="0.2" />
            </SpelementUnit>
            <SpelementUnit TypeUnit="Точка">
              <OldOrdinate NumGeopoint="1" X="376666.68" Y="2225484.13" />
              <NewOrdinate NumGeopoint="1" PointPref="н" X="376671.54" Y="2225483.35" DeltaGeopoint="0.2" />
            </SpelementUnit>
          </SpatialElement>
          <Borders>
            <Border Point1="1" Point2="2" Spatial="1">
              <Edge>
                <Length>2.02</Length>
              </Edge>
            </Border>
            <Border Point1="2" Point2="3" Spatial="1">
              <Edge>
                <Length>7.98</Length>
              </Edge>
            </Border>
            <Border Point1="3" Point2="4" Spatial="1">
              <Edge>
                <Length>10</Length>
              </Edge>
            </Border>
            <Border Point1="4" Point2="5" Spatial="1">
              <Edge>
                <Length>7.6</Length>
              </Edge>
            </Border>
            <Border Point1="5" Point2="6" Spatial="1">
              <Edge>
                <Length>2.4</Length>
              </Edge>
            </Border>
            <Border Point1="6" Point2="7" Spatial="1">
              <Edge>
                <Length>10</Length>
              </Edge>
            </Border>
            <Border Point1="7" Point2="1" Spatial="1">
              <Edge>
                <Length>2.02</Length>
              </Edge>
            </Border>
          </Borders>
        </EntitySpatial>
        <AreaInGKN>100</AreaInGKN>
      </ExistParcel>
      <SpecifyRelatedParcel CadastralNumber="36:10:2800009:32">
        <ChangeBorder TypeUnit="Точка">
          <OldOrdinate X="376669.50" Y="2225479.91" NumGeopoint="1" />
          <NewOrdinate NumGeopoint="1" PointPref="" X="376669.50" Y="2225479.91" DeltaGeopoint="0.2" />
        </ChangeBorder>
        <ChangeBorder TypeUnit="Точка">
          <NewOrdinate NumGeopoint="1" PointPref="н" X="376669.52" Y="2225483.44" DeltaGeopoint="0.2" />
        </ChangeBorder>
        <ChangeBorder TypeUnit="Точка">
          <NewOrdinate NumGeopoint="2" PointPref="н" X="376661.55" Y="2225483.80" DeltaGeopoint="0.2" />
        </ChangeBorder>
        <ChangeBorder TypeUnit="Точка">
          <NewOrdinate NumGeopoint="3" PointPref="н" X="376662.00" Y="2225493.79" DeltaGeopoint="0.2" />
        </ChangeBorder>
        <ChangeBorder TypeUnit="Точка">
          <NewOrdinate NumGeopoint="4" PointPref="н" X="376669.59" Y="2225493.45" DeltaGeopoint="0.2" />
        </ChangeBorder>
        <ChangeBorder TypeUnit="Точка">
          <OldOrdinate X="376669.62" Y="2225498.81" NumGeopoint="2" />
          <NewOrdinate NumGeopoint="2" PointPref="" X="376669.62" Y="2225498.81" DeltaGeopoint="0.2" />
        </ChangeBorder>
        <ChangeBorder TypeUnit="Точка">
          <OldOrdinate X="376658.62" Y="2225498.87" NumGeopoint="3" />
          <NewOrdinate NumGeopoint="3" PointPref="" X="376658.62" Y="2225498.87" DeltaGeopoint="0.2" />
        </ChangeBorder>
      </SpecifyRelatedParcel>
      <SpecifyRelatedParcel CadastralNumber="36:10:2800009:32">
        <ChangeBorder TypeUnit="Точка">
          <OldOrdinate X="376666.68" Y="2225484.13" NumGeopoint="1" />
        </ChangeBorder>
        <ChangeBorder TypeUnit="Точка">
          <OldOrdinate X="376656.69" Y="2225484.58" NumGeopoint="2" />
        </ChangeBorder>
        <ChangeBorder TypeUnit="Точка">
          <OldOrdinate X="376657.14" Y="2225494.57" NumGeopoint="3" />
        </ChangeBorder>
        <ChangeBorder TypeUnit="Точка">
          <OldOrdinate X="376667.13" Y="2225494.12" NumGeopoint="4" />
        </ChangeBorder>
        <ChangeBorder TypeUnit="Точка">
          <OldOrdinate X="376666.68" Y="2225484.13" NumGeopoint="5" />
        </ChangeBorder>
      </SpecifyRelatedParcel>
    </SpecifyParcel>
  </Package>
  <GeneralCadastralWorks DateCadastral="2017-08-23">
    <Contractor>
      <FamilyName>Котлярова</FamilyName>
      <FirstName>Анна</FirstName>
      <Patronymic>Юрьевна</Patronymic>
      <NCertificate>36-13-509</NCertificate>
      <Telephone>89066704868</Telephone>
      <Address>г. Воронеж, пр-т Революции, д.1В</Address>
      <Email>kotl-anna@yandex.ru</Email>
      <Organization>
        <Name>ООО "Землемер"</Name>
        <AddressOrganization>394000, г.Воронеж, пр-т Революции, дом 1В</AddressOrganization>
      </Organization>
    </Contractor>
    <Reason>исправлением ошибки в местоположении земельного участка с кадастровым номером 36:10:2800009:36, расположенного по адресу: установлено относительно ориентира, расположенного за пределами участка. Ориентир жилой дом. Участок находится примерно в 70 м от ориентира по направлению на запад. Почтовый адрес ориентира: Воронежская область, Калачеевский р-н, с Ильинка, ул Сосновая, сооружение 1; с одновременным исправлением ошибки в местоположении смежного земельного участка с кадастровым номером 36:10:2800009:32, расположенного по адресу: установлено относительно ориентира, расположенного в границах участка. Ориентир жилой дом. Почтовый адрес ориентира: Воронежская область, Калачеевский р-н, с Ильинка, ул Сосновая, сооружение 3/1.</Reason>
    <Clients>
      <Client>
        <Organization>
          <Name>Департамент имущественных и земельных отношений Воронежской области</Name>
          <INN>3666057069</INN>
          <OGRN>1023601570904</OGRN>
        </Organization>
      </Client>
    </Clients>
  </GeneralCadastralWorks>
  <CoordSystems>
    <CoordSystem CsId="Id6c197271-038f-4376-a038-663ed4ec203c" Name="СК кадастрового округа" />
  </CoordSystems>
  <InputData>
    <Documents>
      <Document>
        <CodeDocument>558217000000</CodeDocument>
        <Number>36/исх/17-396626</Number>
        <Date>2017-05-30</Date>
      </Document>
      <Document>
        <CodeDocument>558217000000</CodeDocument>
        <Number>36-00/5001/16-282459</Number>
        <Date>2016-05-12</Date>
      </Document>
      <Document>
        <CodeDocument>558217000000</CodeDocument>
        <Number>36/исх/17-464947</Number>
        <Date>2017-06-27</Date>
      </Document>
      <Document>
        <CodeDocument>008002008000</CodeDocument>
        <Number>157</Number>
        <Date>2017-06-02</Date>
      </Document>
      <Document>
        <CodeDocument>558214010000</CodeDocument>
        <Number>99/2017/21924268</Number>
        <Date>2017-06-30</Date>
      </Document>
      <Document>
        <CodeDocument>558214010000</CodeDocument>
        <Number>99/2017/24154645</Number>
        <Date>2017-08-01</Date>
      </Document>
    </Documents>
    <GeodesicBases>
      <GeodesicBase>
        <PName>Красный Яр</PName>
        <PKind>пирамида</PKind>
        <PKlass>2 класс</PKlass>
        <OrdX>380209.16</OrdX>
        <OrdY>2221648.19</OrdY>
      </GeodesicBase>
      <GeodesicBase>
        <PName>Сенчин</PName>
        <PKind>пирамида</PKind>
        <PKlass>3 класс</PKlass>
        <OrdX>364923.65</OrdX>
        <OrdY>2219827.4</OrdY>
      </GeodesicBase>
      <GeodesicBase>
        <PName>Репяховка</PName>
        <PKind>пирамида</PKind>
        <PKlass>3 класс</PKlass>
        <OrdX>384484.91</OrdX>
        <OrdY>2198581.91</OrdY>
      </GeodesicBase>
    </GeodesicBases>
    <MeansSurvey>
      <MeanSurvey>
        <Name>GNSS - приемник спутниковый геодезический двухчастотный Trimble R8 GNSS</Name>
        <Registration>
          <Number>№ 012343</Number>
          <Duration>17 января 2018 г</Duration>
        </Registration>
        <CertificateVerification>33967-07</CertificateVerification>
      </MeanSurvey>
      <MeanSurvey>
        <Name>Аппаратура геодезическая потребителей спутниковых навигационных систем ГЛОНАСС и GPS Trimble R7GNSS</Name>
        <Registration>
          <Number>№ 012342</Number>
          <Duration>17 января 2018 г.</Duration>
        </Registration>
        <CertificateVerification>37145-08</CertificateVerification>
      </MeanSurvey>
    </MeansSurvey>
    <SubParcels>
      <SubParcel>
        <CadastralNumberParcel>36:10:2800009:36</CadastralNumberParcel>
        <NumberRecord>555675</NumberRecord>
      </SubParcel>
      <SubParcel>
        <CadastralNumberParcel>36:10:2800009:36</CadastralNumberParcel>
        <NumberRecord>12322</NumberRecord>
      </SubParcel>
    </SubParcels>
  </InputData>
  <Survey>
    <GeopointsOpred>
      <GeopointOpred>
        <CadastralNumberDefinition>36:10:2800009:36</CadastralNumberDefinition>
        <Methods>
          <GeopointOpred>692005000000</GeopointOpred>
        </Methods>
      </GeopointOpred>
      <GeopointOpred>
        <CadastralNumberDefinition>36:10:2800009:32</CadastralNumberDefinition>
        <Methods>
          <GeopointOpred>692005000000</GeopointOpred>
        </Methods>
      </GeopointOpred>
    </GeopointsOpred>
    <TochnGeopointsParcels>
      <TochnGeopointsParcel>
        <CadastralNumberDefinition>36:10:2800009:36</CadastralNumberDefinition>
        <Formula>Mt = 0,2 вычислено с использованием ПО Trimble Business Center, лицензия № 00039 – 228 – 194 – 946 </Formula>
      </TochnGeopointsParcel>
      <TochnGeopointsParcel>
        <CadastralNumberDefinition>36:10:2800009:32</CadastralNumberDefinition>
        <Formula>Mt = 0,2 вычислено с использованием ПО Trimble Business Center, лицензия № 00039 – 228 – 194 – 946 </Formula>
      </TochnGeopointsParcel>
    </TochnGeopointsParcels>
    <TochnAreaParcels>
      <TochnAreaParcel>
        <CadastralNumberDefinition>36:10:2800009:36</CadastralNumberDefinition>
        <Formula>∆Р=2mt√p </Formula>
        <Area>
          <Area>100</Area>
          <Unit>055</Unit>
        </Area>
      </TochnAreaParcel>
      <TochnAreaParcel>
        <CadastralNumberDefinition>36:10:2800009:32</CadastralNumberDefinition>
        <Formula>∆Р=2mt√p </Formula>
        <Area>
          <Area>1</Area>
          <Unit>055</Unit>
        </Area>
      </TochnAreaParcel>
    </TochnAreaParcels>
  </Survey>
  <Conclusion>1.Межевой план подготовлен Кадастровым инженером Котляровой Анной Юрьевной, являющейся членом Ассоциации Саморегулируемой организации «Кадастровые инженеры» (сокращенное наименование – А СРО «Кадастровые инженеры») (уникальный реестровый номер кадастрового инженера в реестре членов А СРО «Кадастровые инженеры» № 2763). Сведения о СРО КИ: Ассоциация Саморегулируемой организации «Кадастровые Инженеры» (сокращенное наименование – А СРО «Кадастровые инженеры») содержатся в государственном реестре СРО КИ (уникальный номер реестровой записи от 29.02.2012 г. № 002). № регистрации в государственном реестре лиц, осуществляющих кадастровую деятельность: 25134. Страховой номер индивидуального лицевого счета в системе обязательного пенсионного страхования Российской Федерации (СНИЛС): 150-018-854-23. Заказчиком работ является Департамент имущественных и земельных отношений Воронежской области. Государственный контракт № 0330 от 30.05.2017г.
2. Данный межевой план подготовлен в связи с исправлением ошибки в местоположении границ земельного участка с кадастровым номером 36:10:2800009:36, площадью 100 кв.м., расположенного по адресу: установлено относительно ориентира, расположенного за пределами участка. Ориентир жилой дом. Участок находится примерно в 70 м от ориентира по направлению на запад. Почтовый адрес ориентира: Воронежская область, Калачеевский р-н, с Ильинка, ул Сосновая, сооружение 1,  категория земель – земли населенных пунктов, разрешенное использование - для использования газораспределительного пункта.
При проведении кадастровых работ было выявлено несоответствие фактического местоположения земельного участка его координатному описанию, содержащемуся в ЕГРН (это отражено на схеме расположения земельных участков, выполненной на картографической основе масштаба 1:2000).
Для приведения границ земельного участка с кадастровым номером 36:10:2800009:36 в соответствие с его фактическим местоположением был подготовлен данный межевой план с приложенным «Актом согласования местоположения границ земельного участка», подписанным Департаментом имущественных и земельных отношений Воронежской области, в связи с тем, что на данном земельном участке располагается ОКС, входящий в комплекс объекта газоснабжения «Газоснабжение колхоза «Восток» с. Ильинка Калачеевского района Воронежской области», принадлежащий ДИЗО на праве собственности (свидетельство о государственной регистрации права 36-АВ №536451 от 21.10.2009г.)   
3. При проведении работ по исправлению ошибки в местоположении земельного участка с кадастровым номером 36:10:2800009:36 была выявлена ошибка в местоположении земельного участка с кадастровым номером 36:10:2800009:32 (что также отражено на схеме расположения земельных участков, выполненной на картографической основе масштаба 1:2000), расположенного по адресу: установлено относительно ориентира, расположенного в границах участка. Ориентир жилой дом. Почтовый адрес ориентира: Воронежская область, Калачеевский р-н, с Ильинка, ул Сосновая, сооружение 3/1, категория земель - Земли населённых пунктов, разрешенное использование - для ведения личного подсобного хозяйства. 
Согласно выписки из ЕГРН №99/2017/24154645 от 01.08.2017г. данный земельный участок находится в собственности Ильгамовой Я.Э. Для приведения границ земельного участка с кадастровым номером 36:10:2800009:32 в соответствие с его фактическим местоположением в данный межевой план приложен «Акт согласования местоположения границ земельного участка».
4. Поскольку, в XML версии MP_v06, не предусмотрено внесение данных, содержащихся в графах "6", "7", "8", реквизита "2", раздела "Исходные данные", необходимых для внесения в состав межевого плана в соответствии с приказом №921 от 8.12.2015г., таблица с вышеуказанными графами, приводится в составе раздела "Заключение кадастрового инженера"
Сведения о геодезической основе кадастра, использованной при подготовке межевого плана (МСК-36, состояние на 10 июля 2017 г). 
1. Cенчин (пир. 3 кл.) Х 364923.65; Y 2219827.40, наружный знак - сохранился, центр знака – сохранился, марка – сохранилась.
2. Красный Яр (пир. 2 кл.) Х 380209.16; Y 2221648.19, наружный знак - сохранился, центр знака – сохранился, марка – сохранилась.
3. Репяховка (пир. 3 кл.) Х 384484.91; Y 2198581.91, наружный знак - сохранился, центр знака – сохранился, марка – сохранилась.  Межевой план подготовил кадастровый инженер Котлярова Анна Юрьевна, являющийся членом СРО КИ  (уникальный реестровый номер кадастрового
            инженера в реестре членов СРО КИ N ).
            Сведения о СРО КИ  содержатся в
            государственном реестре СРО КИ (уникальный номер реестровой записи от  N ).
          </Conclusion>
  <SchemeGeodesicPlotting Kind="01" Name="d104cc55-ff09-47e3-b0e4-12b2b49b2329\вып_232.pdf" />
  <SchemeDisposition Kind="01" Name="d104cc55-ff09-47e3-b0e4-12b2b49b2329\пост_224.pdf" />
  <DiagramParcelsSubParcels Kind="01" Name="d104cc55-ff09-47e3-b0e4-12b2b49b2329\чертежи.pdf" />
  <AgreementDocument Kind="01" Name="d104cc55-ff09-47e3-b0e4-12b2b49b2329\схемы расп.pdf" />
  <Appendix>
    <AppliedFiles>
      <NumberAppendix>1</NumberAppendix>
      <NameAppendix>-</NameAppendix>
      <AppliedFile Kind="01" Name="[%%%%%].PDF" />
    </AppliedFiles>
    <AppliedFiles>
      <NumberAppendix>2</NumberAppendix>
      <NameAppendix>-</NameAppendix>
      <AppliedFile Kind="01" Name="[%%%%%].PDF" />
    </AppliedFiles>
    <AppliedFiles>
      <NumberAppendix>3</NumberAppendix>
      <NameAppendix>-</NameAppendix>
      <AppliedFile Kind="01" Name="[%%%%%].PDF" />
    </AppliedFiles>
  </Appendix>
</MP>